car_name,model,price,drive_type,fuel_tank_capacity,fuel_type,mileage,torque,seating_capacity,boot_space,instrument_cluster,elec_mileage,body_type,cng_mileage,power,image
Tata Nano Genx,Xt,"Rs. 2,92,667",RWD (Rear Wheel Drive),24 litres,Petrol,23.6 km/litre,51Nm@4000rpm,4,110 litres,Analog + Digital,,Hatchback,,38PS@5500rpm,https://lh3.googleusercontent.com/pw/AP1GczOTDFPV7E2Rmhfh1PWRJXwnBIcNXaBDFTay38nzKbt4VWowttj_sxjSGgks5V2n_1BMBR-x-iN9eIZF22QfG_tWsnbel3U4D8dxq-R3jv9dcfdUZ7I=w2400
Datsun Redi-Go,D,"Rs. 2,79,650",FWD (Front Wheel Drive),28 litres,Petrol,25.17 km/litre,72Nm@4386rpm,5,222 litres,Analog + Digital,,Hatchback,,54PS@5678rpm,https://images.carandbike.com/car-images/colors/datsun/redi-go/datsun-redi-go-fire-red.png?v=1590655868
Maruti Suzuki Alto K10,Lxi,"Rs. 3,77,588",FWD (Front Wheel Drive),35 litres,Petrol,24.07 km/litre,90Nm@3500rpm,5,177 litres,Analog + Digital,,Hatchback,,68PS@6000rpm,https://www.varunmaruti.com/uploads/products/colors/altok-10-metallic-speedy-blue.png
Datsun Go,D,"Rs. 3,74,990",FWD (Front Wheel Drive),35 litres,Petrol,20.1 km/litre,104Nm@4000rpm,5,265 litres,Analog + Digital,,Hatchback,,68PS@5000rpm,https://lh3.googleusercontent.com/pw/AP1GczN-XnEk2RqV0g7LMfehCcrUeyeRFrGzF3rup441xGrHkvxeU-whCle26Mg672slOP6M4fFSDrCTBBSIOnbA6cJXK6DuBVLmS1FciI5qXI6tM7ooLjI=w2400
Maruti Suzuki Celerio Tour,H2,"Rs. 4,22,444",FWD (Front Wheel Drive),35 litres,Petrol,23.1 km/litre,90Nm@3500rpm,5,235 litres,Analog + Digital,,Hatchback,,68PS@6000rpm,https://parkplus-bkt-img.parkplus.io/production/vehicle/public/frontleftside47jpgimage_20230808182720803082jpgfdc5d7243c1911eeab78acde48001122_20230816151803012270.jpg
Hyundai Santro,Era Mt,"Rs. 4,29,990",FWD (Front Wheel Drive),35 litres,Petrol,20.3 km/litre,99.04nm@4500RPM,5,,Analog,,Hatchback,,69PS@5500rpm,https://www.nicepng.com/png/full/828-8285958_the-all-new-santro-has-been-launched-in.png
Tata Tiago,Revotron Xe,"Rs. 4,60,000",FWD (Front Wheel Drive),35 litres,Petrol,23 km/litre,114NM@3300rpm,5,,Analog + Digital,,Hatchback,,86PS@6000rpm,https://sgamotors.in/wp-content/uploads/2023/12/ArizonaBlue-0.png
Maruti Suzuki Celerio X,Vxi (O),"Rs. 4,81,074",FWD (Front Wheel Drive),35 litres,Petrol,23.1 km/litre,90Nm@3500rpm,5,235 litres,Analog + Digital,,Hatchback,,68PS@6000rpm,https://parkplus-bkt-img.parkplus.io/production/vehicle/public/frontleftside47jpgimage_20230808182720803082jpgfdc5d7243c1911eeab78acde48001122_20230816151803012270.jpg
Maruti Suzuki Ignis,Alpha 1.2 Amt,"Rs. 7,13,898",FWD (Front Wheel Drive),32 litres,Petrol,20.89 km/litre,113Nm@4200RPM,5,260 litres,Analog,,Hatchback,,83PS@6000rpm,https://www.pngkey.com/png/full/250-2500093_maruti-suzuki-ignis-new-suzuki-ignis.png
Renault Triber,Rxe,"Rs. 4,95,000",FWD (Front Wheel Drive),40 litres,Petrol,20.5 km/litre,96Nm@3500rpm,7,625 litres,Analog + Digital,,MUV,,72PS@62050rpm,https://ackodrive-assets.s3.amazonaws.com/media/test_2mvqlYn.png
Toyota Etios Liva,G,"Rs. 5,20,300",FWD (Front Wheel Drive),45 litres,Petrol,18.16 km/litre,104Nm@3100rpm,5,251 litres,Analog + Digital,,Hatchback,,80PS@5600rpm,https://destinationtourcabs.com/wp-content/uploads/2020/11/20141014122143_etiosold-removebg-preview.png
Nissan Micra Active,Xl,"Rs. 5,25,021",FWD (Front Wheel Drive),41 litres,Petrol,18.97 km/litre,104Nm@4000rpm,5,251 litres,Analog + Digital,,Hatchback,,68PS@5000rpm,https://5.imimg.com/data5/DQ/YS/GLADMIN-32166101/nissan-new-sunny-car-250x250.png
Tata Bolt,Xt Diesel,"Rs. 7,87,980",FWD (Front Wheel Drive),44 litres,Diesel,22.95 km/litre,190Nm@1750-3000rpm,5,210 litres,Analog + Digital,,Hatchback,,75PS@4000rpm,https://www.pngkey.com/png/full/261-2611086_leave-a-bold-impression-in-every-colour-tata.png
Hyundai Xcent Prime,Cng T + (Cng +,"Rs. 5,56,130",FWD (Front Wheel Drive),43 litres,CNG + Petrol,,114Nm@6000rpm,5,407 litres,Analog + Digital,,Sedan,25 km/kg,83PS@6000rpm,https://www.pngkey.com/png/full/252-2526585_hyundai-xcent-marina-blue-honda-fit-2006-yellow.png
Maruti Suzuki Dzire Tour,Ldi,"Rs. 6,53,523",FWD (Front Wheel Drive),42 litres,Diesel,28.4 km/litre,190Nm@2000rpm,5,320 litres,Analog + Digital,,Sedan,,75PS@4000rpm,https://globewaytravels.co.in/wp-content/uploads/250-2500055_product-image-maruti-suzuki-swift-dzire-new-model-removebg-preview.png
Hyundai Elite I20,Era 1.2,"Rs. 5,59,693",FWD (Front Wheel Drive),45 litres,Petrol,18.6 km/litre,115Nm@4000rpm,5,285 litres,Analog + Digital,,Hatchback,,84PS@6000rpm,https://www.hyundai.com/in/en/virtual3dshowroom/i20/img/Hyundai-i20.png
Hyundai Aura,E 1.2 Petrol,"Rs. 5,79,900",FWD (Front Wheel Drive),37 litres,Petrol,20.5 km/litre,114Nm@4000rpm,5,,Analog + Digital,,Hatchback,,83PS@6000rpm,https://ackodrive-assets.s3.amazonaws.com/media/test_L5dcRGp.png
Volkswagen Polo,Trendline 1.0L (P),"Rs. 5,82,000",FWD (Front Wheel Drive),45 litres,Petrol,18.78 km/litre,95Nm@3000-4300rpm,5,280 litres,Analog + Digital,,Sedan,,76PS@6200RPM,https://purepng.com/public/uploads/large/purepng.com-volkswagenvolkswagenvolkswagen-carvolkswagen-automobilesvolkswagen-vehicles-17015276821050wyln.png
Maruti Suzuki Dzire,Lxi,"Rs. 5,82,613",FWD (Front Wheel Drive),37 litres,Petrol,22 km/litre,115Nm@4000rpm,5,378 litres,Analog + Digital,,Hatchback,,84.3PS@6000rpm,https://myholidaytrip.co.in/wp-content/uploads/2023/07/Bg-car.webp
Ford Freestyle,1.5L Tdci Ambiente,"Rs. 6,76,400",FWD (Front Wheel Drive),40 litres,Diesel,24.4 km/litre,215Nm@1750-3000RPM,5,257 litres,Analog + Digital,,Sedan,,100PS@3750RPM,https://www.pngkit.com/png/full/64-642033_ford-png-photo-ford-freestyle-on-road-price.png
Volkswagen Ameo,Trendline 1.5L Tdi,"Rs. 7,11,500",FWD (Front Wheel Drive),45 litres,Diesel,21.66 km/litre,250Nm@1500-2500rpm,5,330 litres,Analog,,Crossover,,110PS@4400rpm,https://carcraftindia.com/cdn/shop/collections/volkswagen-polo-2019.webp?v=1691507078
Ford Aspire,1.2 Ti-Vct Ambiente,"Rs. 5,98,500",FWD (Front Wheel Drive),42 litres,Petrol,20.4 km/litre,120Nm@4250rpm,5,,Analog + Digital,,Sedan,,96PS@6500rpm,https://vaishnavitoursandtravels.in/assets/img/cars/aspire.png
Toyota Platinum Etios,G,"Rs. 6,27,100",FWD (Front Wheel Drive),45 litres,Petrol,16.78 km/litre,132Nm@3000rpm,5,592 litres,Analog + Digital,,Sedan,,90PS@5600rpm,https://www.pngkey.com/png/full/458-4582839_toyota-platinum-etios-vxd-honda-amaze-vs-etios.png
Toyota Etios Cross,V,"Rs. 8,02,000",FWD (Front Wheel Drive),45 litres,Petrol,16.78 km/litre,132Nm@3000rpm,5,251 litres,Analog + Digital,,Sedan,,90PS@5600rpm,https://www.pikpng.com/pngl/b/167-1679159_toyota-etios-cross-toyota-etios-cross-black-colour.png
Mahindra Verito Vibe,D2,"Rs. 6,57,628",FWD (Front Wheel Drive),50 litres,Diesel,20.08 km/litre,160Nm@2000rpm,5,330 litres,Analog + Digital,,Hatchback,,65PS@4000rpm,https://www.carandbike.com/_next/image?url=https%3A%2F%2Fimages.carandbike.com%2Fcar-images%2Fcolors%2Fmahindra%2Fverito-vibe%2Fmahindra-verito-vibe-diamond-white.png%3Fv%3D1&w=750&q=75
Fiat Urban Cross,1.3 Multijet Active,"Rs. 6,77,618",FWD (Front Wheel Drive),45 litres,Diesel,20 km/litre,209Nm@2000rpm,5,,Analog + Digital,,Hatchback,,93PS@4000RPM,
Toyota Glanza,G Hybrid,"Rs. 7,21,900",FWD (Front Wheel Drive),37 litres,Petrol,23.87 km/litre,113Nm@4400 rpm,5,339 litres,Analog + Digital,,Crossover,,89PS@6000 rpm,https://static3.toyotabharat.com/images/showroom/glanza/new/colors/car-maroon.png
Fiat Avventura,Multijet Dynamic,"Rs. 7,96,132",FWD (Front Wheel Drive),45 litres,Diesel,20.5 km/litre,209Nm@2000rpm,5,280 litres,Analog + Digital,,Hatchback,,93PS@4000RPM,
Honda Jazz,V Petrol,"Rs. 7,45,000",FWD (Front Wheel Drive),40 litres,Petrol,18.2 km/litre,110Nm@4800rpm,5,354 litres,Analog + Digital,,Crossover,,90PS@6000rpm,https://www.pngmart.com/files/22/Honda-Jazz-Transparent-PNG.png
Jeep Compass Trailhawk,2.0 Trailhawk 4X4 At,"Rs. 26,80,000",FWD (Front Wheel Drive),60 litres,Diesel,16.3 km/litre,350Nm@1750-2500rpm,5,438 litres,Analog + Digital,,Hatchback,,173PS@3750rpm,https://medias.fcacanada.ca/jellies/renditions/2024/800x510/CC24_MPJH74_2DE_PBJ_APA_XXX_XXX_XXX.42fc184a4aa733c0ab0c5ad79ce5c857.png
Isuzu Mu-X,4X2,"Rs. 27,34,834",AWD (All Wheel Drive),76 litres,Diesel,13.8 km/litre,380Nm@1800-2800rpm,5,,Analog + Digital,,SUV,,177PS@3600rpm,https://pngimg.com/d/isuzu_PNG18.png
Mahindra Alturas G4,2Wd At,"Rs. 27,70,150",AWD (All Wheel Drive),70 litres,Diesel,12.35 km/litre,420Nm@1600-2600rpm,7,,Analog + Digital,,SUV,,178bhp@400rpm,https://qph.cf2.quoracdn.net/main-qimg-d158dab592e5bbfdf1d69dbba8783bdb
Volkswagen Tiguan,Comfortline 2.0L Tdi Amt,"Rs. 28,14,500",4WD,71 litres,Diesel,17.06 km/litre,340Nm@1750-2750rpm,7,615 litres,Analog + Digital,,SUV,,141PS@4000rpm,https://platform.cstatic-images.com/in/v2/stock_photos/1cde2b13-1d44-4e43-9c82-efa6d27372b5/2da390bd-916a-4cfc-8e54-8fffb30faab0.png
Honda Cr-V,2Wd Petrol Cvt,"Rs. 28,27,001",AWD (All Wheel Drive),57 litres,Petrol,14.4 km/litre,189NM@4300rpm,,522 litres,Digital,,SUV,,154PS@6500rpm,https://i.pinimg.com/originals/65/11/f6/6511f655e5394b689b9ca14b4a1a42bf.png
Skoda Superb Sportline,Sportline 1.8L Tsi At,"Rs. 28,99,599",AWD (All Wheel Drive),66 litres,Petrol,13.7 km/litre,250NM@1250-5000rpm,7,625 litres,Analog + Digital,,SUV,,180PS@6200RPM,https://pngimg.com/d/skoda_PNG12329.png
Audi A3,35 Tdi Premium Plus,"Rs. 30,21,200",FWD (Front Wheel Drive),50 litres,Diesel,20.38 km/litre,320Nm@1750-3000rpm,5,425 litres,Analog + Digital,,Sedan,,143PS@4000rpm,https://purepng.com/public/uploads/large/purepng.com-white-audiaudicarluxurious-carprofessional-carwhite-audi-1701527409187vkcrt.png
Mercedes B-Class,B 180 Sport,"Rs. 29,88,311",FWD (Front Wheel Drive),50 litres,Petrol,14.81 km/litre,200Nm@1250-4000rpm,5,488 litres,Analog + Digital,,Sedan,,122PS@5000rpm,https://pngimg.com/d/mercedes_PNG80210.png
Mercedes Cla-Class,200 Sport,"Rs. 35,99,000",FWD (Front Wheel Drive),56 litres,Petrol,15.04 km/litre,300Nm@1200-4000rpm,5,470 litres,Analog + Digital,,MPV,,183PS@5500rpm,https://di-uploads-pod5.dealerinspire.com/waltersmercedesbenz/uploads/2016/04/cla-sedan-no-background.png
Skoda Kodiaq,Style 2.0 Tdi 4X4 At,"Rs. 32,99,599",FWD (Front Wheel Drive),66 litres,Diesel,18.19 km/litre,350Nm@1500-3500rpm,5,625 litres,Analog + Digital,,Sedan,,177PS@4000RPM,https://www.pngkey.com/png/full/261-2616671_skoda-kodiaq-specials-kodiaq-car.png
Dc Avanti,Standard,"Rs. 34,07,407",FWD (Front Wheel Drive),60 litres,Petrol,10 km/litre,340NM@2750-5000rpm,5,,Analog + Digital,,SUV,,250PS@5500RPM,https://dcavanti.in/images/slider-content/slide-2015.png
Audi Q3,30 Tdi Premium Fwd,"Rs. 36,77,200",RWD (Rear Wheel Drive),64 litres,Diesel,15.73 km/litre,340Nm@1750-2750rpm,2,460 litres,Analog + Digital,,Coupe,,148hp@3500-4000rpm,https://www.pngmart.com/files/22/Audi-Q3-PNG-Transparent.png
Mini Cooper 5 Door,Cooper D,"Rs. 36,00,000",FWD (Front Wheel Drive),44 litres,Petrol,21.15 km/litre,270Nm@1750-2250rpm,5,278 litres,Analog,,SUV,,116PS@4000rpm,https://luxservis.com.ua/image/cache/catalog/mini_couper-removebg-preview-600x400.png
Mini Convertible,Cooper S,"Rs. 38,30,000",FWD (Front Wheel Drive),44 litres,Petrol,14.59 km/litre,280NM@1250-4600rpm,5,215 litres,Analog + Digital,,Hatchback,,192PS@5000-6000rpm,https://toppng.com/uploads/thumbnail/ew-2019-mini-convertible-cooper-convertible-in-huntington-mini-cooper-jcw-2019-11569037939iftzfobtxs.png
Volvo Xc40,D4 Momentum,"Rs. 39,90,000",FWD (Front Wheel Drive),,Diesel,,400Nm,4,,Analog + Digital,,Convertible,,190bhp,https://platform.cstatic-images.com/in/v2/stock_photos/7f41e496-bf76-46cc-9ab8-c97d0f24a626/e8b7abf0-2ff4-412a-a1ae-cc2e0c831d8b.png
Mini Clubman,Cooper S,"Rs. 41,20,000",AWD (All Wheel Drive),,Petrol,13.8 km/litre,280NM@1250rpm,5,360 litres,Analog + Digital,,SUV,,192PS@6200RPM,https://www.pngkey.com/png/full/280-2806255_cooper-clubman-mini-clubman.png
Audi A4,Premium Plus 35 Tfsi,"Rs. 41,49,000",,54 litres,Petrol,,250Nm@1500-3500,5,480 litres,Digital,,Hatchback,,150PS@5000-6000rpm,https://www.pngkey.com/png/full/870-8706421_2014-audi-a4-white-audi-a4-2014-premium.png
Mini John Cooper Works,Hatch,"Rs. 43,50,000",FWD (Front Wheel Drive),44 litres,Petrol,16.47 km/litre,320 Nm@1450-4800rpm,5,455 litres,Digital,,Sedan,,231hp@5200-6200rpm,https://i.pinimg.com/originals/23/85/3c/23853cceb77791a7b99909ecc4c48c43.png
Jaguar Xe,S Petrol,"Rs. 44,98,000",FWD (Front Wheel Drive),61 litres,Petrol,11 km/litre,365Nm@1500-4000rpm,2,455 litres,Analog + Digital,,"Sports, Hatchback",,250PS@5500RPM,https://lakshyamotors.co.in/wp-content/uploads/2022/06/1-14.png
Jaguar Xf,2.0 Prestige,"Rs. 54,36,329",RWD (Rear Wheel Drive),74 litres,Petrol,13.12 km/litre,340Nm@1750-2000RPM,5,505 litres,Analog,,Sedan,,247PS@5500rpm,https://i.pinimg.com/originals/f1/b7/d5/f1b7d56ae6a24d01515630dab0b989af.png
Audi A3 Cabriolet,40 Tfsi,"Rs. 50,38,000",RWD (Rear Wheel Drive),50 litres,Petrol,19.2 km/litre,250 Nm @ 1250 RPM,5,320 litres,Analog + Digital,,Sedan,,148 bhp @ 5100 rpm,https://4.imimg.com/data4/MM/MM/GLADMIN-/content-dam-ngw-sea-in-images-models-a3-cabriolet-others-flyout1-new.png
Audi A6,Premium Plus 45 Tfsi,"Rs. 54,42,200",FWD (Front Wheel Drive),73 litres,Petrol,14.11 km/litre,370Nm@1600-4500rpm,4,560 litres,Digital,,Convertible,,245PS@5000-6500rpm,https://www.motortrend.com/uploads/sites/10/2024/01/2024-audi-a6-premium-plus-sport-4wd-sedan-angular-front.png?w=768&width=768&q=75&format=webp
Bmw X3,Xdrive 20D Luxury Line,"Rs. 59,30,000",FWD (Front Wheel Drive),67 litres,Diesel,18.56 km/litre,400Nm@1750-2500rpm,5,550 litres,Analog + Digital,,Sedan,,190PS@4000rpm,"https://carsguide-res.cloudinary.com/image/upload/f_auto,fl_lossy,q_auto,t_cg_hero_low/v1/editorial/bmw-x3-my19-prev.png"
Land Rover Discovery Sport,SE,"Rs. 57,06,000",4WD,70 litres,Diesel,,430NM@1750rpm,5,,Analog + Digital,,SUV,,179PS@4000rpm,https://www.motortrend.com/uploads/sites/10/2017/11/2017-land-rover-discovery-sport-hse-lux-suv-angular-front.png
Volvo S90,D4 Inscription,"Rs. 58,90,000",4WD,,Diesel,,400NM@1750rpm,7,,Digital,,SUV,,190PS@4250rpm,https://images.dealer.com/ddc/vehicles/2020/Volvo/S90%20Hybrid/Sedan/perspective/front-left/2020_24.png
Audi S5,Sportback,"Rs. 72,43,000",FWD (Front Wheel Drive),58 litres,Petrol,13.57 km/litre,500Nm@1370-4500rpm,5,,Analog + Digital,,Sedan,,333PS@5400-6400RPM,https://www.carandbike.com/_next/image?url=https%3A%2F%2Fimages.carandbike.com%2Fcar-images%2Fcolors%2Faudi%2Fs5%2Faudi-s5-glacier-white.png%3Fv%3D1616581943&w=640&q=75
Bmw X5,Xdrive30D Sport,"Rs. 73,30,000",AWD (All Wheel Drive),,Diesel,13.38 km/litre,620Nm@1500-2500rpm,5,650 litres,Analog + Digital,,Sedan,,265HP@4000rpm,"https://cache.bmwusa.com/cosy.arox?pov=walkaround&brand=WBBM&vehicle=25XO&client=byo&paint=P0300&fabric=FKPSW&sa=S01CE,S01SF,S0255,S02TB,S0302,S0319,S0322,S03AT,S03MB,S0402,S0420,S0423,S0459,S0481,S0494,S04FL,S04KR,S04T8,S04UR,S0552,S05AC,S05AS,S05DM,S0676,S06AC,S06AK,S06C4,S06CP,S06NX,S06U2,S0775&quality=70&bkgnd=transparent&resp=png&angle=40&w=9800&h=8000&x=100&y=1100"
Ford Mustang,Fastback V8,"Rs. 74,62,000",AWD (All Wheel Drive),60.9 litres,Petrol,13 km/litre,515Nm@4250-4300RPM,5,,Analog + Digital,,SUV,,401PS@6550RPM,https://build.ford.com/dig/Ford/Mustang/2024/HD-TILE/Image%5B%7CFord%7CMustang%7C2024%7C1%7C1.%7C300A.P8C..PHY..88D.89W.~2WD00_BCMAB.AC--C.13R.COU.BSHEH.BYBBR.CJPAA.LTS.51W.64T.TA6.RWD.45D.99F.FS--A.HLLAD.58V.IDBAD.SY4.44X.GT.YZTAB.CLO.%5D/EXT/1/vehicle.png
Jeep Grand Cherokee,Limited,"Rs. 78,82,867",RWD (Rear Wheel Drive),93.5 litres,Diesel,12.8 km/litre,570Nm@2000rpm,4,1025 litres,Analog,,"Sedan, Coupe",,240PS@3600rpm,https://65e81151f52e248c552b-fe74cd567ea2f1228f846834bd67571e.ssl.cf1.rackcdn.com/ldm-images/2024-Jeep-Grand-Cherokee-l-Color-Bright-White-Clear-Coat.png
Bmw,Coupe,"Rs. 81,80,000",,52 litres,Petrol,9.8-10.0 km/litre,550Nm@2350-5230rpm,4,460 litres,Analog + Digital,,Convertible,,410hp@5230-7000RPM,
Porsche,Boxster,"Rs. 89,95,000",RWD (Rear Wheel Drive),54 litres,Petrol,7.4 km/litre,380Nm@1950-4500RPM,4,,Analog,,Coupe,,300PS@6500rpm,
Mercedes Gls,350 Cdi,"Rs. 88,20,000",RWD (Rear Wheel Drive),100 litres,Diesel,11.6 km/litre,619Nm@1600-2400RPM,2,,Analog,,Coupe,,258PS@3600rpm,https://www.alpineco.com/images/farm6/1237x563/3ebc1a3e75b8816003a2dcc943cd0ec6.png
Toyota Land Cruiser Prado,Vx L,"Rs. 96,30,000",AWD (All Wheel Drive),87 litres,Diesel,11.13 km/litre,410Nm@1600-2800rpm,5,,Analog + Digital,,SUV,,173PS@3400rpm,https://www.toyotacr.com/uploads/family/c0e660c77f973adff8ebc4e423223f902f9e7478.png
Lexus Rx 450H,450Hl Luxury,"Rs. 99,00,000",4WD,65 litres,Petrol,18 km/litre,335Nm@4600rpm,7,,Analog + Digital,,SUV,,262PS@6000rpm,https://www.lexus.com.sg/content/dam/lexus-v3-blueprint/models/suv/rx/rx-450h-plus/my23/masthead/my23-rx450h-plus-masthead-6x4-terrane-khaki.png
Audi Rs5,Coupe,"Rs. 1,11,41,200",AWD (All Wheel Drive),58 litres,Petrol,10.8 km/litre,600Nm@1900-5000rpm,5,465 litres,Analog + Digital,,SUV,,450PS@5700-6700rpm,"https://media.drive.com.au/obj/tx_q:80,rs:auto:640:360:1/driveau/upload/cms/uploads/anqag2hteusfgkw8gsfg"
Bmw 7-Series,730Ld Design Pure Excellence,"Rs. 1,22,90,000",AWD (All Wheel Drive),78 litres,Diesel,17.66 km/litre,620Nm@2000-2500RPM,4,515 litres,Analog + Digital,,Coupe,,265PS@4000RPM,"https://cache.bmwusa.com/cosy.arox?pov=walkaround&brand=WBBM&vehicle=247P&client=byo&paint=P0C4P&fabric=FVCSW&sa=S01CB,S01FB,S02TB,S0302,S0319,S0337,S03DZ,S0416,S043D,S0465,S04A2,S04FL,S04FM,S04NR,S04V1,S05AS,S05DM,S06AC,S06AK,S06C4,S06NX,S06U3,S06U7,S0710,S0760,S0775,S07M7,S09T1,S09T2&quality=70&bkgnd=transparent&resp=png&width=600&w=9800&h=8000&x=100&y=800&angle=40"
Audi Q8,55 Tfsi Quattro Tiptronic,"Rs. 1,33,59,500",AWD (All Wheel Drive),85 litres,Petrol,,500Nm@1370rpm,4,605 litres,Analog + Digital,,Sedan,,340PS@5000rpm,https://www.motortrend.com/uploads/sites/10/2021/10/2022-audi-q8-premium-plus-4wd-suv-angular-front.png
Mercedes S-Class,S 350 D,"Rs. 1,35,58,438",AWD (All Wheel Drive),90 litres,Diesel,13.5 km/litre,620Nm@1600-2400rpm,7,530 litres,Analog + Digital,,SUV,,258PS@3600rpm,https://di-uploads-pod7.dealerinspire.com/autohausonedens/uploads/2016/11/2015-mercedes-benz-s-class.png
Maserati Levante,Diesel,"Rs. 1,45,12,054",AWD (All Wheel Drive),80 litres,Diesel,7.9 km/litre,600Nm@2000-2600rpm,4,580 litres,Analog + Digital,,Coupe,,275PS@4000rpm,https://file.kelleybluebookimages.com/kbb/base/evox/CP/14540/2020-Maserati-Levante-front_14540_032_2400x1800_BAM.png
Mercedes G-Class,Amg G 63,"Rs. 2,18,75,136",AWD (All Wheel Drive),96 litres,Petrol,,850Nm@2500-3500rpm,4,480 litres,Analog + Digital,,SUV,,585hp@6000rpm,https://www.mercedes-benz.co.id/media/khblt23d/g-class_available-models_554-x-369.png
Audi A8 L,55 Tfsi Quattro,"Rs. 1,56,00,000",AWD (All Wheel Drive),82 litres,Petrol,,500Nm@1370rpm,7,505 litres,Analog + Digital,,SUV,,340PS@5000rpm,https://www.cars24.com/new-cars/_next/image/?url=https%3A%2F%2Fcdn.24c.in%2Fprod%2Fnew-car-cms%2FCar-Image%2F2024%2F04%2F02%2Fb5dfea3e-6eb8-4fed-8aeb-bd6772bc1e96-Audi_A8L_exterior-Color-Image.png&w=750&q=75
Maserati Granturismo,Sport,"Rs. 1,72,29,579",AWD (All Wheel Drive),86 litres,Petrol,10 km/litre,520NM@4750rpm,4,261 litres,Analog + Digital,,Sedan,,460PS@7000RPM,https://www.motortrend.com/uploads/sites/10/2016/11/2017-maserati-granturismo-sport-convertible-angular-front.png
Maserati Quattroporte,Granlusso,"Rs. 1,79,00,000",RWD (Rear Wheel Drive),70 litres,Diesel,7.9 km/litre,600Nm@2000-2600rpm,4,530 litres,Analog + Digital,,Coupe,,275PS@7000rpm,https://platform.cstatic-images.com/in/v2/stock_photos/92805e3e-3b81-4077-9fd3-3b73fb9e7705/9dabc4e0-1556-488c-bfb0-1c8717416f75.png
Lexus Lc 500H,Coupe,"Rs. 1,96,00,000",RWD (Rear Wheel Drive),82 litres,Hybrid,,350Nm@5100rpm,4,133 litres,Analog + Digital,,Sports,,299PS@6600rpm,https://cdn.24c.in/prod/new-car-cms/Lexus/LC-500h/2024/04/12/048a0a4f-8c92-44f1-adde-7c05056479ba-Lexus_LC-500H_Feature-Image.png
Mercedes Maybach,S650,"Rs. 2,73,08,312",AWD (All Wheel Drive),80 litres,Petrol,7.8 km/litre,1000Nm@2300-4300rpm,4,510 litres,Analog + Digital,,Coupe,,630PS@4800RPM,https://www.mercedes-benz.co.id/media/k1qfnjl2/maybach-s-class_available-models_554-x-369.png
Porsche Panamera,Turbo,"Rs. 2,12,63,000",AWD (All Wheel Drive),90 litres,Petrol,10.63 km/litre,770Nm@1960 - 4500rpm,4,,Analog + Digital,,Sedan,,550PS@6000RPM,https://gld-creative.s3.us-west-2.amazonaws.com/2024-porsche-panamera-02fe5f24e52e-600x300.png
Lexus Lx 450D,V8,"Rs. 2,32,90,000",AWD (All Wheel Drive),93 litres,Diesel,18 km/litre,650Nm@1600-2600rpm,4,,Analog,,Sedan,,261PS@6000rpm,https://www.royaldrive.in/_next/image?url=https%3A%2F%2Froyaldrive-prod.s3.ap-south-1.amazonaws.com%2F1686661959238-af4f999ef32a118bad59891ba8c73ae3-removebg-preview.png&w=3840&q=75
Mercedes Class Cabriolet,S500,"Rs. 2,34,91,293",FWD (Front Wheel Drive),80 litres,Petrol,7.8 km/litre,700Nm@1800-3500RPM,7,530 litres,Analog + Digital,,SUV,,455PS@5500RPM,https://ymimg1.b8cdn.com/resized/car_model/5869/pictures/4821400/listing_main_2018_Mercedes_Benz_C_Class_Cabriolet.png
Audi R8,V10 Plus,"Rs. 2,72,45,000",RWD (Rear Wheel Drive),75 litres,Petrol,6.71 km/litre,560Nm@6500rpm,4,,Analog,,Convertible,,610PS@8250rpm,https://mediaservice.audi.com/media/fast/H4sIAAAAAAAA_1vzloG1tIiBOTrayfuvpGh6-m1zJgaGigIGBgZGoDhTtNOaz-I_2DhCHkCFGb8wsJaUFiXlMwKVBDBxZeYmpqfqZxWkpvMzchdZ6KZWlOjmpebmswOl-Xni5sdeNcw6fmf7Q68v84NcXrDfeSbOwCN5o53F7NLeg63zXBkm8K358UWW1YeB54XGn_lOWd6uziUbjdNMVlSf-R9zlIGH1_j2nB__WGbqfX6opXrf-xnHBjdtBp4ZT0Ja1jlXP5vq6juXz7825ED2-U4Gnvs8PyZ4uKi7SVy4IvLkznG3W5UV0Qw8HnzLax98POHqu2tbZanin6is4KN2DDydpt9_uThvisgJ3Vx-8fVSh3kCX1cz8LiUll5t-XIvbg__ru83Ph-sXmISsomBpy1GvFyk1FwwpvhW-rv2ZWYcYswZDDx7KxR_s8RZCNx8cuJy59-TsunXLQSBftv2_eT-efLLd3m6nWzlmtqwX5xlOwPP66m1fmvKVF7GCO2VsXC1KrWLztzNwMPwQC-rXnsF02Q9oy_blZZd2h2y_DnQZVfdX6YEx8zkkebJ8ng3eV4M09JzDKzA4GbaDSRY4oAEzxMgwWHDACZBEREDJBibQHzWRcwMDNwODAxsIQwgwCdcWpRTkFiUmKtXlFpckJ9XnFmWKqhhQCQQZvVxjHQNAgDapfNBJwIAAA?mimetype=image/png
Lamborghini Urus,V8,"Rs. 3,00,00,000",AWD (All Wheel Drive),75 litres,Petrol,7.8 km/litre,850Nm@2250-4500rpm,2,616 litres,Analog + Digital,,Coupe,,650PS@6000rpm,https://www.extravagantforeigns.com/wp-content/uploads/2023/05/lambo5926-removebg-preview.png
Bentley Continental Gt,Coupe,"Rs. 3,37,91,059",AWD (All Wheel Drive),90 litres,Petrol,8.6 km/litre,720Nm@1800rpm,5,358 litres,Analog + Digital,,SUV,,590PS@6000rpm,https://cdn.prod.website-files.com/62238937ff359f8bea9fe86e/64439b80668ffd2e1ccd2da9_prestige-gallery-bentley-continental-gt-rental-s.png
Ferrari Portofino,V8 Convertible,"Rs. 3,50,00,000",AWD (All Wheel Drive),92 litres,Petrol,9 km/litre,755NM@4750rpm,4,240 litres,Analog + Digital,,Coupe,,560PS@7500rpm,https://static.tcimg.net/vehicles/primary/d4a1298dcb05c875/2020-Ferrari-Portofino-white-full_color-driver_side_front_quarter.png
Bentley Bentayga,W12,"Rs. 4,59,41,557",AWD (All Wheel Drive),85 litres,Petrol,19 km/litre,900Nm@1350rpm,2,430 litres,Analog + Digital,,Convertible,,608PS@6000RPM,https://www.motortrend.com/uploads/sites/10/2018/08/2018-bentley-bentayga-suv-angular-front.png
Aston Martin Db 11,V12,"Rs. 4,04,56,503",AWD (All Wheel Drive),80 litres,Petrol,,700Nm@1500rpm,5,300 litres,Digital,,SUV,,608PS@6500rpm,https://di-uploads-pod9.dealerinspire.com/morriesluxuryauto/uploads/2018/04/am-volante-main.png
Ferrari 458 Speciale,Coupe,"Rs. 4,25,31,500",AWD (All Wheel Drive),86 litres,Petrol,9 km/litre,540Nm@6000rpm,2,230 litres,Analog + Digital,,Coupe,,605PS@9000rpm,https://static.wikia.nocookie.net/forzamotorsport/images/7/7f/HOR_XB1_Ferrari_458_13.png/revision/latest?cb=20191009195941
Rolls Royce Ghost Series Ii,6.6,"Rs. 4,67,09,733",AWD (All Wheel Drive),82.5 litres,Petrol,17.3 km/litre,780Nm@1700rpm,2,490 litres,Analog + Digital,,Coupe,,563PS@5250rpm,https://www.motortrend.com/uploads/2021/12/2022-Rolls-Royce-Ghost.png
Rolls Royce Wraith,Coupe,"Rs. 5,00,25,840",RWD (Rear Wheel Drive),83 litres,Petrol,10.2 km/litre,800Nm@1500-5500rpm,5,470 litres,Digital,,Sedan,,625PS@5600rpm,https://static.tcimg.net/vehicles/primary/6e9a3507b9c98db3/2020-Rolls-Royce-Wraith-white-full_color-driver_side_front_quarter.png
Bentley Mulsanne,Sedan,"Rs. 5,25,71,294",AWD (All Wheel Drive),90 litres,Petrol,9.5 km/litre,1020Nm@1750rpm,4,443 litres,Analog + Digital,,Coupe,,512PS@4200rpm,https://images.dealer.com/ddc/vehicles/2020/Bentley/Mulsanne/Sedan/perspective/front-left/2020_76.png
Rolls Royce Cullinan,Suv,"Rs. 6,95,00,000",RWD (Rear Wheel Drive),,Petrol,22.4-21.9 km/litre,850 Nm@1600rpm,4,,,,Sedan,,563@5000rpm,https://www.eautolease.com/wp-content/uploads/2020/01/2023-rolls-royce-cullinan-suv-77120-front-ffffff-640x450.png
Rolls Royce Phantom Coupe,6.8 L,"Rs. 7,73,12,661",AWD (All Wheel Drive),100 litres,Petrol,22.8 km/litre,720Nm@3500rpm,5,395 litres,Analog + Digital,,SUV,,460PS@5350rpm,"https://carsguide-res.cloudinary.com/image/upload/f_auto,fl_lossy,q_auto,t_default/v1/editorial/vhs/Rolls-Royce-Phantom_0.png"
Bugatti Chiron,W16,"Rs. 19,21,42,937",RWD (Rear Wheel Drive),,Petrol,5.95 km/litre,1600Nm@2000-6000rpm,4,,Digital,,Coupe,,1479bhp@6700rpm,https://carorbis.com/wp-content/uploads/2022/11/Bugatti-Chiron-Car.png
Maruti Suzuki Alto,Std,"Rs. 2,94,800",RWD (Rear Wheel Drive),35 litres,Petrol,22.05 km/litre,69Nm@3500rpm,2,20 litres,Analog,,Sports,,48PS@6000rpm,https://www.cars24.com/new-cars/_next/image/?url=https%3A%2F%2Fcdn.24c.in%2Fprod%2Fnew-car-cms%2FMaruti-Suzuki%2FAlto%2F2024%2F04%2F12%2F9d1d7d1f-b7c5-403b-accb-d2c78473e91c-Maruti-Suzuki_Alto800_exterior_4.png&w=640&q=75
Maruti Suzuki S-Presso,Std,"Rs. 3,70,500",FWD (Front Wheel Drive),27 litres,Petrol,21.4 km/litre,90Nm@3500rpm,5,,Analog + Digital,,Hatchback,,67PS@5500rpm,https://www.team-bhp.com/sites/default/files/styles/check_extra_large_for_review/public/image001_0.png
Maruti Suzuki Celerio,Lxi,"Rs. 4,26,289",FWD (Front Wheel Drive),35 litres,Petrol,23.1 km/litre,90Nm@3500rpm,5,,Analog,,Hatchback,,68PS@6000rpm,https://mda.spinny.com/sp-file-system/public/2024-07-28/0e9a6df0dc1045d3a5549cdebd350a4a/file.JPG?q=85&w=350
Hyundai Grand I10 Prime,Era T Crdi,"Rs. 5,51,530",FWD (Front Wheel Drive),43 litres,Diesel,,16.3Nm@1500-2750RPM,5,235 litres,Analog + Digital,,Hatchback,,71PS@4000rpm,https://mda.spinny.com/sp-file-system/public/2024-07-12/de8a0ed0688b416e9563df35d16f0250/file.JPG?q=85&w=350
Mahindra Kuv100 Nxt,K2 6Str,"Rs. 4,88,194",FWD (Front Wheel Drive),35 litres,Petrol,18.15 km/litre,115NM@3500-3600RPM,5,256 litres,Analog + Digital,,Hatchback,25 km/kg,82PS@5500RPM,https://www.cars24.com/new-cars/_next/image/?url=https%3A%2F%2Fcdn.24c.in%2Fprod%2Fnew-car-cms%2FKUV_100_NXT_Car_Image_83a3d7e8e7.png&w=640&q=75
Maruti Suzuki Swift,Lxi,"Rs. 5,19,000",FWD (Front Wheel Drive),37 litres,Petrol,20.4 km/litre,113Nm@4200RPM,6,243 litres,Analog + Digital,,Hatchback,,83PS@6000rpm,https://www.popularmaruti.com/storage/upload/vehicle/colors/1691043381_1626329287_Solid-Fire-Red-with-Pearl-Midnight-Black-Roof.webp
Tata Altroz,Xe Petrol,"Rs. 5,29,000",FWD (Front Wheel Drive),37 litres,Petrol,18 km/litre,113Nm@3300rpm,5,268 litres,Analog + Digital,,Hatchback,,86PS@6000rpm,https://sgamotors.in/wp-content/uploads/2024/01/AvenueWhite-0.png
Tata Tigor,Revotron Xe,"Rs. 5,75,000",FWD (Front Wheel Drive),35 litres,Petrol,23 km/litre,113Nm@3300rpm,5,345 litres,Analog + Digital,,Hatchback,,86PS@6000rpm,https://www.carandbike.com/_next/image?url=https%3A%2F%2Fimages.carandbike.com%2Fcar-images%2Fcolors%2Ftata%2Ftigor-jtp%2Ftata-tigor-jtp-pearlescent-white.png%3Fv%3D1540813527&w=640&q=75
Tata Zest,Xe Petrol,"Rs. 5,82,287",FWD (Front Wheel Drive),44 litres,Petrol,17.6 km/litre,140Nm@1500-4000rpm,5,419 litres,Analog + Digital,,Sedan,,90PS@5000rpm,https://www.carandbike.com/_next/image?url=https%3A%2F%2Fimages.carandbike.com%2Fcar-images%2Fcolors%2Ftata%2Fzest%2Ftata-zest-platinum-silver.png%3Fv%3D1&w=640&q=75
Honda Amaze,S Cvt Petrol,"Rs. 7,63,000",FWD (Front Wheel Drive),35 litres,Petrol,19 km/litre,110Nm@4800rpm,5,390 litres,Analog + Digital,,Sedan,,90PS@6000rpm,https://www.hondacarindia.com/_next/image?url=https%3A%2F%2Fwww.hondacarindia.com%2Fweb-data%2Fmodels-mobile%2Fexterior%2Famaze%2Fplatinum_white_pearl.png&w=3840&q=75
Maruti Suzuki Gypsy,Hard Top,"Rs. 6,37,343",FWD (Front Wheel Drive),40 litres,Petrol,11.9 km/litre,103Nm@4500RPM,5,420 litres,Analog + Digital,,Sedan,,80PS@6000rpm,https://gomechprod.blob.core.windows.net/gm-retail-app/New%20Car%20Model%20Images/brand-9-model-226.png
Hyundai Venue,1.2 Kappa Mt E,"Rs. 6,55,000",4WD,45 litres,Petrol,17.52 km/litre,112.7Nm@4000rpm,8,350 litres,Analog + Digital,,SUV,,82hp@6000rpm,https://images.carandbike.com/car-images/colors/hyundai/venue/hyundai-venue-typhoon-silver.png?v=1655375179
Tata Nexon,Xe,"Rs. 6,95,000",FWD (Front Wheel Drive),44 litres,Petrol,17.6 km/litre,170Nm@1500-2750rpm,5,350 litres,Digital,,SUV,,110PS@5000rpm,https://mda.spinny.com/sp-file-system/public/2024-05-25/d782c60daae84e9daac847a80739b980/file.JPG?q=85&w=350
Fiat Linea,Active Fire,"Rs. 7,15,860",FWD (Front Wheel Drive),45 litres,Petrol,15.7 km/litre,207Nm@4500rpm,5,350 litres,Analog + Digital,,SUV,,114PS@5000rpm,https://3.bp.blogspot.com/-1EpEbAbDikM/VICDwC1D0rI/AAAAAAAAAsA/LCmzmNOPk3I/s1600/Fiat%2BLinea.png
Mahindra Bolero Power Plus,Zlx,"Rs. 8,86,398",FWD (Front Wheel Drive),60 litres,Diesel,16.5 km/litre,195Nm@1400-2200rpm,5,500 litres,Analog + Digital,,Sedan,,70ps@3600rpm,https://5.imimg.com/data5/NI/UI/HS/GLADMIN-28949246/bolero-white-00001.png
Maruti Suzuki Vitara Brezza,Ldi,"Rs. 7,62,742",FWD (Front Wheel Drive),48 litres,Diesel,24.3 km/litre,200Nm@1750rpm,9,,Analog,,SUV,,90PS@4000rpm,https://parkplus-bkt-img.parkplus.io/production/vehicle/public/frontleftside47jpgimage_20230808181740837194jpg4e6742b23c1a11eeab78acde48001122_20230816152018405768.jpg
Hyundai I20 Active,1.2 S,"Rs. 7,74,035",FWD (Front Wheel Drive),40 litres,Petrol,17.19 km/litre,114Nm@4000rpm,5,328 litres,Analog + Digital,,SUV,,83PS@6000rpm,https://www.carandbike.com/_next/image?url=https%3A%2F%2Fimages.carandbike.com%2Fcar-images%2Fcolors%2Fhyundai%2Fi20-active%2Fhyundai-i20-active-sleek-silver.png%3Fv%3D1&w=640&q=75
Ford Ecosport,1.5L Ti-Vct Ambiente,"Rs. 7,91,000",FWD (Front Wheel Drive),52 litres,Petrol,17 km/litre,150Nm@4500rpm,5,285 litres,Analog + Digital,,Hatchback,,123PS@6500rpm,https://www.fmdt.info/vehicle/ford/2019/ecosport-titanium-32-white.png
Renault Duster,Rxe Petrol,"Rs. 7,99,990",FWD (Front Wheel Drive),50 litres,Petrol,13.87 km/litre,142Nm@4000rpm,5,352 litres,Analog + Digital,,SUV,,106PS@5600rpm,https://mda.spinny.com/sp-file-system/public/2024-05-04/5df53eceb32f48c1aaef04c1ae4487b6/file.JPG?q=85&w=350
Hyundai Verna,1.6 Vtvt Sx,"Rs. 9,99,900",FWD (Front Wheel Drive),45 litres,Petrol,17.7 km/litre,151Nm@4850rpm,5,475 litres,Analog + Digital,,SUV,,123PS@6400rpm,https://hanshyundai.com/blog/wp-content/uploads/2024/07/hyundai-verna-1024x389.png
Mahindra Xuv300,1.2 W4,"Rs. 8,30,127",FWD (Front Wheel Drive),42 litres,Petrol,17 km/litre,200Nm@2000rpm,5,465 litres,Analog + Digital,,Sedan,,109bhp@5000RPM,https://mahindra.co.za/wp-content/uploads/2024/02/XUV300-White@2x.webp
Renault Lodgy,85 Ps Std,"Rs. 8,63,299",RWD (Rear Wheel Drive),50 litres,Diesel,21.04 km/litre,200Nm@1900rpm,5,259 litres,Digital,,SUV,,85PS@3750rpm,https://www.rentrip.in/uploads/products/car/500x350/593184IMG_1691756870.webp
Volkswagen Vento,Trendline 1.6 (P),"Rs. 8,76,500",FWD (Front Wheel Drive),55 litres,Petrol,16.09 km/litre,153Nm@3800rpm,7,207 litres,Analog + Digital,,MUV,,105PS@5250rpm,https://cf-cdn-v6.volkswagen.at/media/Content_Model_Overview_ModelList_Model_Image_Component/51243-621134-modelList-419576-image/dh-1115-f17024/3153eb5d/1716973586/front-1-2-.png
Mahindra E2O Plus,P4,"Rs. 8,81,425",FWD (Front Wheel Drive),,Electric,110 km/full charge,70Nm@1000rpm,5,250 litres,Analog + Digital,110 km/full charge,Hatchback,,25.8PS@3500rpm,https://images.carandbike.com/car-images/colors/mahindra/e2o/mahindra-e2o-oceanic-white.png?v=1
Tata Tigor Ev,Xm+,"Rs. 9,60,868",RWD (Rear Wheel Drive),35 litres,Electric,213 km/full charge,105Nm@2500RPM,4,135 litres,Analog,213 km/full charge,Hatchback,,41.5PS@4500rpm,https://zedextata.co.in/wp-content/uploads/2023/12/MagneticRed-0-e1702025089218.png
Honda Brv,E Petrol,"Rs. 9,52,900",FWD (Front Wheel Drive),42 litres,Petrol,15.4 km/litre,145Nm@4600rpm,5,255 litres,Analog + Digital,,Sedan,,119PS@6600rpm,https://mda.spinny.com/sp-file-system/public/2024-07-13/aa2cfc31b7ec4b05b7584eb05f24cd72/file.JPG?q=85&w=350
Mahindra Thar,Crde,"Rs. 9,59,860",FWD (Front Wheel Drive),60 litres,Diesel,13 km/litre,247Nm@1800-2000rpm,7,223 litres,Analog,,SUV,,105 Bhp@ 3800 rpm,https://ackodrive-assets.s3.amazonaws.com/media/test_BwbSea0.png
Force Gurkha,Xpedition 5 Door,"Rs. 9,99,000",4WD,63 litres,Diesel,17 km/litre,230Nm@1400-2400rpm,6,600 litres,Analog + Digital,,SUV,,85PS@3200rpm,https://www.forcegurkha.co.in/wp-content/themes/force-motors/assets/images/Gurkha-2.png
Maruti Suzuki Xl6,Zeta Mt,"Rs. 9,84,689",4WD,45 litres,Petrol,19.01 km/litre,138Nm@4400rpm,5,,Analog + Digital,,SUV,,104PS@6000rpm,https://mda.spinny.com/sp-file-system/public/2024-07-13/9b926d04a1604feebd246641b07c2d6b/file.JPG?q=85&w=350
Fiat Abarth Avventura Tuv300 Plus,1.4 T-Jet,"Rs. 9,89,219",FWD (Front Wheel Drive),,Petrol,17.1 km/litre,210Nm@2000-4000RPM,6,209 litres,Analog + Digital,,MPV,,143PS@5500RPM,
Mahindra Marazzo,M2 7 Str,"Rs. 9,99,900",RWD (Rear Wheel Drive),45 litres,Diesel,17.3 km/litre,300Nm@1750-2500rpm,9,384 litres,Analog + Digital,,SUV,,121Bhp@3500rpm,https://www.carandbike.com/_next/image?url=https%3A%2F%2Fimages.carandbike.com%2Fcar-images%2Fcolors%2Fmahindra%2Fmarazzo%2Fmahindra-marazzo-shimmering-silver.png%3Fv%3D1553229389&w=750&q=75
Mahindra Scorpio,S3 2Wd,"Rs. 9,99,994",FWD (Front Wheel Drive),60 litres,Diesel,15.4 km/litre,200Nm@1400-2200rpm,8,,Analog + Digital,,MPV,,75PS@3200rpm,https://www.carandbike.com/_next/image?url=https%3A%2F%2Fimages.carandbike.com%2Fcar-images%2Fcolors%2Fmahindra%2Fscorpio%2Fmahindra-scorpio-dsat-silver.png%3Fv%3D1&w=750&q=75
Skoda Monte Carlo,Monte Carlo 1.5 Tdi At,"Rs. 14,25,599",FWD (Front Wheel Drive),55 litres,Diesel,21.72 km/litre,250Nm@1500-2500rpm,9,,Analog + Digital,,SUV,,110PS@4000rpm,https://iprenders.blob.core.windows.net/basepa1v23100003/G21KiKyc.9wuDaUm7OGlTpNJX-wFTC4t1nkeLbKoXY.h5Qu8I_dANU-DGB-19201080dayvext_front1000080.png
Mahindra Xuv500,G At,"Rs. 16,10,180",FWD (Front Wheel Drive),70 litres,Petrol,13.85 km/litre,320Nm@2000 - 3000rpm,5,460 litres,Analog + Digital,,Sedan,,140PS@4500rpm,https://www.carandbike.com/_next/image?url=https%3A%2F%2Fimages.carandbike.com%2Fcar-images%2Fcolors%2Fmahindra%2Fxuv500%2Fmahindra-xuv500-moondust-silver.png%3Fv%3D1&w=750&q=75
Mahindra E Verito,D4,"Rs. 12,93,214",FWD (Front Wheel Drive),,Electric,110 km/full charge,91Nm@3000rpm,7,96 litres,Analog + Digital,110 km/full charge,SUV,,41PS@3500RPM,https://www.cars24.com/new-cars/_next/image/?url=https%3A%2F%2Fcdn.24c.in%2Fprod%2Fnew-car-cms%2FMahindra%2FE-Verito%2F2024%2F04%2F12%2F09ea4937-f730-4c06-9616-77050da5b688-Mahindra_E-Verito_exterior_1.png&w=256&q=75
Tata Hexa,Xm Plus 4X2,"Rs. 16,39,374",FWD (Front Wheel Drive),60 litres,Diesel,17.6 km/litre,400Nm@1700-2700rpm,5,510 litres,Analog,,Sedan,,156PS@4000rpm,https://mda.spinny.com/sp-file-system/public/2024-06-14/a3336968c13147bba80c28f70b9a5488/file.JPG?q=85&w=350
Toyota Innova Crysta,2.4 Gx 7 Str,"Rs. 16,05,000",RWD (Rear Wheel Drive),55 litres,Diesel,15.4 km/litre,343Nm@1400-2800rpm,7,128 litres,Analog + Digital,,SUV,,150PS@3400rpm,https://indiatourbycaranddriver.com/wp-content/uploads/2024/05/hire-toyota-innova-crysta-car-with-driver-rental-india-trip-trn-1024x1024.webp
Jeep Compass,1.4 Limited At,"Rs. 19,96,000",RWD (Rear Wheel Drive),60 litres,Petrol,16.3 km/litre,250Nm@1750-2500rpm,8,,Analog + Digital,,MUV,,162PS@3750rpm,https://www.motortrend.com/uploads/sites/10/2017/09/2018-jeep-compass-sport-suv-angular-front.png
Toyota Corolla Altis,G Petrol,"Rs. 16,45,000",AWD (All Wheel Drive),55 litres,Petrol,16.7 km/litre,173Nm@4000rpm,5,,Analog,,SUV,,140PS@6400rpm,https://heritagecabs.in/assets/uploads/product_images/toyota-altis-car-rental-service.png
Honda Civic,1.8 V Cvt,"Rs. 17,93,900",FWD (Front Wheel Drive),47 litres,Petrol,16.5 km/litre,174Nm@4300rpm,5,470 litres,Analog + Digital,,Sedan,,141PS@6500rpm,https://images.carandbike.com/car-images/colors/honda/civic/honda-civic-platinum-white-pearl.png?v=1551960630
Mg Zs Ev,Excite,"Rs. 20,88,000",FWD (Front Wheel Drive),,Electric,,353Nm@5000rpm,5,430 litres,Analog + Digital,,Sedan,,142.76PS@3500rpm,https://i0.wp.com/mg.richburgmotors.com/wp-content/uploads/2022/06/Arctic-White.png?ssl=1
Kia Carnival,Premium 7 Str,"Rs. 24,95,000",RWD (Rear Wheel Drive),,Diesel,,440Nm@1750-2750rpm,5,448 litres,Digital,340 km/full charge,SUV,,200PS@3800rpm,https://www.pannucarrental.com/uploads/topics/16531994956659.png
Skoda Superb,Style 1.8 Tsi Mt,"Rs. 25,99,599",FWD (Front Wheel Drive),66 litres,Petrol,14.12 km/litre,320Nm@1450-3900rpm,7,540 litres,Analog + Digital,,MUV,,180PS@6200RPM,"https://carsguide-res.cloudinary.com/image/upload/f_auto,fl_lossy,q_auto,t_cg_hero_low/v1/editorial/vhs/Skoda-Superb_1.png"
Volvo V40,Kinetic,"Rs. 27,69,000",FWD (Front Wheel Drive),60 litres,Diesel,16.81 km/litre,350Nm@1500-2750rpm,5,625 litres,Analog + Digital,,Sedan,,150PS@150rpm,https://cas.volvocars.com/image/vbsnext-v4/exterior/MY19_1817/526/_/_/_/_/_/_/_/_/_/_/_/_/_/_/_/default.png?market=in&client=gox-graph%7Cccs-self-service&fallback&angle=4&w=750&bg=00000000
Toyota Fortuner,2.8 4X2 At,"Rs. 32,05,000",FWD (Front Wheel Drive),80 litres,Diesel,12.9 km/litre,450Nm@1600-2400rpm,5,324 litres,Analog + Digital,,Hatchback,,177PS@3400rpm,https://akm-img-a-in.tosshub.com/indiatoday/images/story/202012/New_Fortuner_2_1200x768.png
Ford Endeavour,3.2L 4X4 At Titanium Plus,"Rs. 34,70,000",RWD (Rear Wheel Drive),80 litres,Diesel,10.91 km/litre,470Nm@1750-2500rpm,7,,Analog + Digital,,SUV,,200PS@3000rpm,https://heritagecabs.in/assets/uploads/product_images/ford-endeavour-car-hire-service.png
Mini Cooper 3 Door,Cooper D,"Rs. 29,90,000",RWD (Rear Wheel Drive),44 litres,Diesel,21.15 km/litre,270Nm@1750-2250rpm,7,430 litres,Analog + Digital,,SUV,,116PS@4000rpm,https://images.91wheels.com/assets/c_images/gallery/mini/cooper-se/mini-cooper-se-3-1649144002.png?w=480&q=60?w=1080&q=60
Skoda Kodiaq Scout,2.0 Tdi At,"Rs. 33,99,000",FWD (Front Wheel Drive),63 litres,Diesel,16.25 km/litre,340 Nm @ 1750 rpm,5,211 litres,Digital,,Hatchback,,148 bhp @ 3500 rpm,https://cet-auto.ru/storage/cars/Skoda/KODIAQ/kodiaq-6.png
Bmw X1,Sdrive20D Expedition,"Rs. 35,20,000",4WD,51 litres,Diesel,20.68 km/litre,400Nm@1750-2500rpm,7,211 litres,Digital,,SUV,,190hp@4000rpm,https://www.motortrend.com/uploads/sites/10/2023/11/2024-bmw-x1-xline-28i-4wd-suv-angular-front.png?w=768&width=768&q=75&format=webp
Volvo S60,Polestar,"Rs. 56,02,000",AWD (All Wheel Drive),67 litres,Petrol,,470Nm@2100-4800rpm,5,419 litres,Analog + Digital,,"Crossover, SUV",,372Ps@5700rpm,https://file.kelleybluebookimages.com/kbb/base/evox/CP/15270/2022-Volvo-S60-front_15270_032_2400x1800_707.png
Bmw 3-Series,320D Sport,"Rs. 41,40,000",FWD (Front Wheel Drive),40 litres,Diesel,19.62 km/litre,400NM@1750rpm,5,380 litres,Analog + Digital,,Sedan,,190PS@400RPM,https://www.bmw.co.nz/content/dam/bmw/common/all-models/3-series/touring/2022/navigation/bmw-3-series-touring-lci-modelfinder.png
Volvo S60 Cross Country,D4,"Rs. 44,26,500",RWD (Rear Wheel Drive),67 litres,Diesel,19.6 km/litre,420Nm@1500-3000rpm,5,480 litres,Analog + Digital,,Sedan,,190PS@4000rpm,https://www.motortrend.com/uploads/sites/10/2017/04/2017-volvo-s60-cross-country-sedan-angular-front.png
Audi Q5,35 Tdi Premium Plus,"Rs. 50,21,200",AWD (All Wheel Drive),64 litres,Diesel,16.9 km/litre,400Nm@1750-2500rpm,4,480 litres,Analog + Digital,,"Sedan, Crossover",,190PS@3800-4000rpm,https://images.dealer.com/ddc/vehicles/2023/Audi/Q5%20e/SUV/perspective/front-left/2023_24.png
Land Rover Rover  Evoque,S,"Rs. 54,94,000",AWD (All Wheel Drive),,Diesel,15.6 km/litre,430NM@1750-2500rpm,5,550 litres,Analog + Digital,,SUV,,179PS@4000rpm,https://inv.assets.ansira.net/ChromeColorMatch/us/TRANSPARENT_cc_2024LRS100008_01_1280_1FU.png
Mercedes E-Class,E200,"Rs. 58,61,062",AWD (All Wheel Drive),80 litres,Petrol,12 km/litre,300Nm@1200-4000rpm,5,,Analog + Digital,,SUV,,184PS@5500rpm,https://www.cars24.com/new-cars/_next/image/?url=https%3A%2F%2Fcdn.24c.in%2Fprod%2Fnew-car-cms%2FCar-Image%2F2024%2F04%2F12%2F2cf48066-a74b-461b-a01a-e4f1445a55e5-Mercedes-Benz_E-Class_Feature-Image.png&w=828&q=30
Volvo Xc60,Inscription D5,"Rs. 59,90,000",RWD (Rear Wheel Drive),70 litres,Diesel,18.8 km/litre,480Nm@1750rpm,5,540 litres,Analog,,Sedan,,233PS@4250rpm,https://nautoexpress.com/cdn/shop/files/volvo-xc60-core-2024-n-auto-express-1_640x.png?v=1715600370
Bmw X4,Xdrive20D M Sport X,"Rs. 60,60,000",AWD (All Wheel Drive),60 litres,Diesel,16.4 km/litre,400NM@1750rpm,5,540 litres,Analog,,SUV,,188bhp@4000RPM,https://file.kelleybluebookimages.com/kbb/base/evox/CP/53287/2024-BMW-X4-front_53287_032_2400x1800_300.png
Jeep Wrangler,Unlimited,"Rs. 63,94,000",AWD (All Wheel Drive),85 litres,Petrol,8.4 km/litre,400Nm@4300rpm,5,1400 litres,Analog,,SUV,,268PS@6350rpm,https://www.countrychryslerdodgejeep.net/static/dealer-15381/2021_Jeep_Wrangler_Sport_White.png
Mercedes C-Class Cabriolet,C300,"Rs. 64,26,497",AWD (All Wheel Drive),60 litres,Petrol,,370Nm@1800-4000rpm,5,1400 litres,Analog,,SUV,,258bhp@5800-6100rpm,https://img.sm360.ca/ir/w640h333c/images/newcar/ca/2023/mercedes-benz/classe-c-cabriolet/300-4matic/convertible/exteriorColors/13158_cc0640_032_149.png
Bmw Z4 Roadster,Sdrive 20I,"Rs. 64,90,000",RWD (Rear Wheel Drive),52 litres,Petrol,7.6 km/litre,320hp@1450-2000rpm,4,,Analog + Digital,,Convertible,,197hp@4500-6500rpm,https://file.kelleybluebookimages.com/kbb/base/evox/CP/14075/2020-BMW-Z4-front_14075_032_2400x1800_300.png
Mercedes V-Class,Expression Elwb,"Rs. 68,40,000",RWD (Rear Wheel Drive),93 litres,Diesel,,380Nm@1400-2400rpm,2,281 litres,Digital,,"Sports, Convertible",,163bhp@3800rpm,https://www.mercedes-benz.co.id/media/otqdmgzs/v-class_available-models_554-x-369.png
Audi Q7,45 Tdi Premium Plus,"Rs. 72,21,500",RWD (Rear Wheel Drive),75 litres,Diesel,14.75 km/litre,600Nm@1500-3000rpm,6,,Digital,,MPV,,249PS@4500RPM,https://images.dealer.com/ddc/vehicles/2025/Audi/Q7/SUV/perspective/front-left/2025_76.png
 ,40 Tfsi Quattro Technology Pack,"Rs. 76,21,500",AWD (All Wheel Drive),75 litres,Petrol,,370Nm@1600-4500rpm,7,295 litres,Analog + Digital,,SUV,,252PS@5000-6000rpm,
Land Rover Rover  Evoque Convertible,2.0 Hse Dynamic,"Rs. 69,52,964",AWD (All Wheel Drive),,Petrol,15.7 km/litre,340NM@1500rpm,7,295 litres,Analog + Digital,11.68 km/full charge,SUV,,240PS@5500rpm,https://hotibizacars.com/wp-content/uploads/2019/05/evoque-cabrio-png.png
Land Rover Rover Velar,2.0 Diesel R-Dynamic S,"Rs. 72,46,802",4WD,,Diesel,15.7 km/litre,430NM@1750-2500rpm,4,295 litres,Analog + Digital,,Convertible,,179PS@4000rpm,https://static.tcimg.net/vehicles/primary/782c73f240f2b2f9/2025-Land_Rover-Range_Rover_Velar-white-full_color-driver_side_front_quarter.png
Mercedes E-Class All Terrain,E 220D,"Rs. 75,00,000",4WD,80 litres,Diesel,12.06 km/litre,400Nm@1600-2800RPM,5,,Analog + Digital,,SUV,,194hp@3800rpm,https://rk.mb-qr.com/media/thumbnails/cards/214.214_Front_Final.png.860x860_q95.png
Volvo Xc90,D5 Inscription,"Rs. 87,90,000",RWD (Rear Wheel Drive),68 litres,Diesel,17.2 km/litre,470Nm@1740RPM,5,,Analog + Digital,,SUV,,225PS@4250RPM,https://file.kelleybluebookimages.com/kbb/base/evox/CP/13754/2021-Volvo-XC90-front_13754_032_2400x1800_707.png
Land Rover Rover Sport,5.0L V8 Svr Petrol,"Rs. 2,05,17,853",AWD (All Wheel Drive),,Petrol,,700Nm@3500-4000rpm,7,300 litres,Analog + Digital,,SUV,,567bhp@6000-6500rpm,https://media.chromedata.com/MediaGallery/media/MjkzOTU4Xk1lZGlhIEdhbGxlcnk/hEL6TprskcEGvIg3hjqbTQdhOEP_XypRxw7sA7Ls-XwiJPbed1RQVGP1VZ8G_ayCcVRHowLkPvQxYPbSOWwGBBwT1N8xUI-G7Gf4B_B4zRE2otk3UpHJ7RmRsDZIyXejQZLUjFPvguW3HdDZC6CpKSA-NdMMweZmMnBSGDxXWFs/cc_2024LRS070028_01_640_1AA.png
Jaguar Xj,3.0L,"Rs. 97,38,609",4WD,82 litres,Diesel,12.9 km/litre,600Nm@3500rpm,7,1761 litres,Analog + Digital,,SUV,,274PS@4000RPM,https://di-uploads-pod15.dealerinspire.com/jaguarpalmbeach/uploads/2020/07/2019JAC100002_640_01.png
Porsche Cayenne,E-Hybrid,"Rs. 1,58,06,000",AWD (All Wheel Drive),75 litres,Hybrid,3.4 km/litre,450Nm@5300RPM,5,520 litres,Analog + Digital,,Sedan,,340bhp@6400RPM,https://di-uploads-pod15.dealerinspire.com/porscheminneapolis/uploads/2023/04/New-Porsche-Cayenne-Turbo-S-E-Hybrid.png
Maserati Ghibli,Diesel,"Rs. 1,33,87,856",AWD (All Wheel Drive),70 litres,Diesel,,570Nm@2000-2600rpm,5,745 litres,Analog + Digital,,SUV,,275PS@4000rpm,https://file.kelleybluebookimages.com/kbb/base/evox/CP/12553/2019-Maserati-Ghibli-front_12553_032_2400x1800_BAM.png
Toyota Land Cruiser,Vx,"Rs. 1,46,99,000",,93 litres,Diesel,9 km/litre,650Nm@1600-2600rpm,5,500 litres,Analog + Digital,,,,265PS@3400rpm,https://www.toyotaqatar.com/myassets/uploads/images/Vehicles/Land%20Cruiser/Colors/070%20White%20Pearl%20Crystal%20Shine_1.png
Audi Rs7,Sportback,"Rs. 1,70,72,000",AWD (All Wheel Drive),75 litres,Petrol,9.8 km/litre,700Nm@1750-5500rpm,7,500 litres,Analog + Digital,,SUV,,560PS@6600RPM,https://platform.cstatic-images.com/in/v2/stock_photos/72330740-8105-498b-987c-46354017d84c/c6452ec9-9a91-4b72-b6c9-63858634519f.png
Land Rover Range Rover,5.0L V8 Autobiography Petrol,"Rs. 2,60,37,526",AWD (All Wheel Drive),105 litres,Petrol,9.6 km/litre,625Nm@2500-5500rpm,4,621 litres,Analog + Digital,,"Sedan, Coupe",,518bhp@6000-6500rpm,https://vehicle-images.dealerinspire.com/stock-images/thumbnails/large/chrome/9dc22c5453d5f7328d66800f7db80dea.png
Maserati Grancabrio,Standard,"Rs. 1,98,65,675",4WD,75 litres,Petrol,9.8 km/litre,510Nm@4750rpm,7,,Analog + Digital,,SUV,,450PS@7000rpm,https://drivemetaormina.it/wp-content/uploads/2024/03/maserati-definitiva-1024x577.png
Mercedes Amg-Gt,S,"Rs. 2,15,83,466",RWD (Rear Wheel Drive),75 litres,Petrol,7.8 km/litre,650Nm@1750-4750rpm,4,909 litres,Analog + Digital,,Convertible,,510PS@6250rpm,"https://crdms.images.consumerreports.org/c_lfill,w_470,q_auto,f_auto/prod/cars/cr/model-years/17493-2024-mercedes-benz-amg-gt"
Mercedes Amg Gt 4-Door Coupe,63 S 4Matic+,"Rs. 2,42,00,000",AWD (All Wheel Drive),65 litres,Petrol,,700Nm@1900 rpm,2,350 litres,Analog + Digital,,Coupe,,639PS@6250rpm,https://media.oneweb.mercedes-benz.com/iris/europe/IN/290679/803_053/iris.webp?q=COSY-EU-100-1713d0VXqrWFqtyO67PobzIr3eWsrrCsdRRzwQZUnRZbMw3SGtGyStsd2J%25cUfpMqXGEjymJ0lVYpOB2qBqbApRAXI5uxfJQC30h7kzNHTwm7j86ohKViKw%25vq4yjyLR5cyYaxCaWrH1zjRn8w7hnoiZKMIM4FvslTg9LUO6PDaGqSeW0mRtsdB%25ycJtj9GXOcAyjJ0l4OVOB2iW9bAp0iyI5uBmMQC3Da4kzN7PKm7jKO3hKVv%25N%25vqJtayL0fsjko9wdYfHr4jufRcYxqN8NmDmA9KLBZ59U2G1oQsvt&BKGND=9&IMGT=W27&POV=BE320&uni=m
Lamborghini Huracan,Lp 610-4,"Rs. 3,71,33,704",AWD (All Wheel Drive),90 litres,Petrol,10.6 km/litre,560Nm@6500rpm,4,165 litres,Analog + Digital,,Coupe,,610PS@8250rpm,https://www.bulldays.net/wp-content/uploads/2024/02/Huracan_Performante-Spyder-resize.png
Ferrari 488 Gtb,Std,"Rs. 3,67,61,413",RWD (Rear Wheel Drive),78 litres,Petrol,5.5 km/litre,760NM@3000rpm,2,,Analog + Digital,,Coupe,,670PS@8000rpm,https://di-uploads-pod16.dealerinspire.com/continentalferrari/uploads/2018/10/Ferrari-458-Italia.png
Ferrari Gtc4 Lusso,V8 T,"Rs. 4,20,00,000",AWD (All Wheel Drive),91 litres,Petrol,5.5 km/litre,760Nm@5250RPM,2,230 litres,Analog + Digital,,Coupe,,610PS@7000rpm,https://real-luxury.com/media/tz_portfolio_plus/article/cache/ferrari-gtc-4-lusso-19-9_o.png
Lamborghini Aventador,Lp 700-4,"Rs. 4,78,93,943",AWD (All Wheel Drive),90 litres,Petrol,5 km/litre,690Nm@5500rpm,4,450 litres,Analog + Digital,,Coupe,,700PS@8250RPM,"https://carsguide-res.cloudinary.com/image/upload/f_auto,fl_lossy,q_auto,t_cg_hero_low/v1/editorial/vhs/Lamborghini-Aventador-coupe.png"
Rolls Royce Dawn,Convertible,"Rs. 5,92,16,193",4WD,80 litres,Petrol,7.9 km/litre,780Nm@1500-5000RPM,2,110 litres,Analog,,Coupe,,571PS@6000RPM,https://static.tcimg.net/vehicles/primary/8c5a810b503427d5/2021-Rolls-Royce-Dawn-white-full_color-driver_side_front_quarter.png
Rolls Royce Drophead Coupe,Phantom,"Rs. 8,37,55,383",RWD (Rear Wheel Drive),100 litres,Petrol,9.8 km/litre,720Nm@3500rpm,4,110 litres,Analog,,Convertible,,453PS@5350rpm,https://images.dealer.com/ddc/vehicles/2016/Rolls-Royce/Phantom%20Drophead%20Coupe/Convertible/perspective/front-left/2016_36.png
Maruti Suzuki Omni,5 Str Bs-Iv,"Rs. 2,82,778",RWD (Rear Wheel Drive),35 litres,Petrol,16.8 km/litre,59Nm@2500rpm,4,460 litres,Analog + Digital,,Convertible,,34.7PS@5000rpm,https://cdn.policyx.com/images/omni.png
Datsun Go+,Datsun D,"Rs. 4,12,292",RWD (Rear Wheel Drive),35 litres,Petrol,20.6 km/litre,104Nm@4000rpm,8,525 litres,Analog + Digital,,MPV,,68PS@5000rpm,https://auto.economictimes.indiatimes.com/files/retail_files/redi-go-1503573042-prod-var.png
Fiat Punto Evo Pure,1.2L Fire Dynamic,"Rs. 4,82,330",FWD (Front Wheel Drive),45 litres,Petrol,15 km/litre,96Nm@2500RPM,7,347 litres,Analog + Digital,,MPV,,68PS@6000rpm,https://nriol.com/images/punto-pure.png
Ford Figo,Ambiente 1.2 Ti-Vct,"Rs. 5,23,000",FWD (Front Wheel Drive),42 litres,Petrol,20.4 km/litre,120Nm@4250rpm,5,280 litres,Analog + Digital,,Hatchback,,96PS@6500rpm,https://images.carandbike.com/car-images/colors/ford/figo-aspire/ford-figo-aspire-white-gold.png?v=1538731135
Maruti Suzuki Baleno,1.3 Delta,"Rs. 7,46,621",FWD (Front Wheel Drive),37 litres,Diesel,27.39 km/litre,190Nm@2000rpm,5,,Analog + Digital,,Hatchback,,75PS@4000rpm,https://images.carandbike.com/car-images/colors/maruti-suzuki/baleno/maruti-suzuki-baleno-luxe-beige.png?v=1645703747
Hyundai Grand I10,1.2 Kappa Vtvt Magna,"Rs. 5,86,428",FWD (Front Wheel Drive),43 litres,Petrol,18.9 km/litre,114Nm@4000rpm,5,339 litres,Analog + Digital,,Hatchback,,83PS@6000rpm,https://ackodrive-assets.s3.amazonaws.com/media/test_jyZTYIc.png
Fiat Linea Classic,1.3 Multijet,"Rs. 7,51,203",FWD (Front Wheel Drive),45 litres,Diesel,19.5 km/litre,197Nm@1750RPM,5,256 litres,Analog + Digital,,Hatchback,18.9 km/kg,76PS@4000RPM,https://s3no.cashify.in/cashify/product/img/xhdpi/2aac5d84-aabb.jpg?p=default&s=lg
Nissan Sunny,Xe Petrol,"Rs. 7,07,025",FWD (Front Wheel Drive),41 litres,Petrol,16.95 km/litre,134Nm@4000rpm,5,500 litres,Analog + Digital,,Sedan,,99PS@6000rpm,https://www.businessinsider.in/photo/56623295.cms
Maruti Suzuki Ertiga,Lxi,"Rs. 7,59,000",FWD (Front Wheel Drive),45 litres,Petrol,19.34 km/litre,138Nm@4400rpm,5,490 litres,Analog + Digital,,Sedan,,103Bhp@6000rpm,https://cdn.24c.in/prod/new-car-cms/Maruti-Suzuki/Ertiga/2024/04/01/e978cb7c-f69b-4144-9525-80ffef3ec6ca-Maruti-Suzuki_Ertiga_Pearl-Metallic-Arctic-White(1).png
Maruti Suzuki Baleno Rs,Rs 1.0,"Rs. 7,88,913",FWD (Front Wheel Drive),37 litres,Petrol,21.4 km/litre,150Nm@1700-4500RPM,7,209(All3RowsUp).550(3rdRowFolded)&803(2ndRowand3rdRowFolded) litres,Analog + Digital,,MUV,,102PS@5500rpm,https://www.financialexpress.com/wp-content/uploads/2017/03/Maruti-Suzuki-Baleno-RS-PNG-large.png?w=660
Honda Wr-V,Vx Diesel,"Rs. 10,35,000",FWD (Front Wheel Drive),40 litres,Diesel,25.5 km/litre,200Nm@1750rpm,5,209(All3RowsUp).550(3rdRowFolded)&803(2ndRowand3rdRowFolded) litres,Analog + Digital,,Hatchback,,100PS@3600rpm,https://www.financialexpress.com/wp-content/uploads/2017/03/Maruti-Suzuki-Baleno-RS-PNG-large.png?w=660
Mahindra Tuv300,T4 Plus,"Rs. 8,54,328",FWD (Front Wheel Drive),60 litres,Diesel,18.49 km/litre,240Nm@1600-2800rpm,5,363 litres,Analog,,SUV,,84PS@3750RPM,https://images.carandbike.com/car-images/colors/mahindra/tuv300/mahindra-tuv300-pearl-white.png?v=1557838703
Maruti Suzuki S-Cross,1.3L Sigma,"Rs. 8,80,689",RWD (Rear Wheel Drive),48 litres,Diesel,23.65 km/litre,200Nm@1750rpm,7,384 litres,Analog + Digital,,SUV,,90PS@4000rpm,https://cdni.autocarindia.com/ExtraImages/20170906022252_SCross_FL_1.png
Renault Captur,Rxe Petrol,"Rs. 9,49,999",FWD (Front Wheel Drive),50 litres,Petrol,13.86 km/litre,142Nm@4000rpm,5,375 litres,Analog + Digital,,Crossover,,106PS@5600rpm,https://www.carandbike.com/_next/image?url=https%3A%2F%2Fimages.carandbike.com%2Fcar-images%2Fcolors%2Frenault%2Fcaptur%2Frenault-captur-pearl-white.png%3Fv%3D1&w=640&q=75
Mahindra Xylo,D2 Bs-Iv,"Rs. 9,63,037",FWD (Front Wheel Drive),55 litres,Diesel,13.9 km/litre,218Nm@1400-2600rpm,5,392 litres,Analog + Digital,,SUV,,95PS@3600rpm,https://www.carandbike.com/_next/image?url=https%3A%2F%2Fimages.carandbike.com%2Fcar-images%2Fcolors%2Fmahindra%2Fxylo%2Fmahindra-xylo-java-brown.png%3Fv%3D1&w=640&q=75
Kia Seltos,Hte 1.5,"Rs. 9,89,000",FWD (Front Wheel Drive),60 litres,Petrol,16.8 km/litre,144Nm@4500 rpm,8,400 litres,Analog + Digital,,SUV,,115PS@6300rpm,https://kia-wa.com/wp-content/uploads/sites/27/2020/04/kia_seltos_ClearWhite.png
Nissan Terrano,Xe D 85Ps,"Rs. 9,99,900",FWD (Front Wheel Drive),50 litres,Diesel,20.45 km/litre,200Nm@1900rpm,5,433 litres,Analog + Digital,,SUV,,85PS@3750rpm,https://development.bookyourcar.co.in/uploads/models/75/nissan-terrano-pearl-white.png
Tata Safari Storme,2.2 Lx 4X2,"Rs. 11,09,005",FWD (Front Wheel Drive),63 litres,Diesel,14 km/litre,320Nm@1700-2700rpm,5,475 litres,Analog + Digital,,SUV,,150PS@4000rpm,https://images.carandbike.com/car-images/colors/tata/safari-storme/tata-safari-storme-sky-grey.png?v=1
Mg Hector,1.5L Style,"Rs. 12,48,000",AWD (All Wheel Drive),,Petrol,,250NM,7,981 litres,Analog + Digital,,SUV,,141bhp,https://ackodrive-assets.s3.amazonaws.com/media/test_WmYrxE8.png
Tata Nexon Ev,Xm,"Rs. 13,99,000",FWD (Front Wheel Drive),,Electric,,245Nm,5,,,312 km/full charge,SUV,13.96 km/kg,129PS,https://s3.ap-south-1.amazonaws.com/evfy.bucket1/products/tata_nexon-ev_21.jpg
Hyundai Elantra,S,"Rs. 15,89,000",FWD (Front Wheel Drive),50 litres,Petrol,14.6 km/litre,196Nm@4000rpm,5,,Digital,,SUV,,152PS@6200rpm,https://images.carandbike.com/car-images/colors/hyundai/elantra/hyundai-elantra-polar-white.png?v=1570106618
Hyundai Tucson,2Wd Mt Diesel,"Rs. 20,79,717",FWD (Front Wheel Drive),62 litres,Diesel,18.42 km/litre,400NM@1750rpm,5,,Analog + Digital,,Sedan,,185PS@4000rpm,https://hanshyundai.com/assets/uploads/hyundai-color1119.png
Volkswagen Passat,2.0 Tdi Comfortline,"Rs. 30,21,500",FWD (Front Wheel Drive),55 litres,Diesel,17.42 km/litre,350Nm@1750-2500rpm,5,,Analog,,SUV,,180PS@3600-4000rpm,https://carfax-vrs.imgix.net/2022-Volkswagen-Passat-EX-400918164-08.png
Mercedes A-Class,180,"Rs. 27,85,288",FWD (Front Wheel Drive),50 litres,Petrol,15.5 km/litre,200Nm@1250-4000rpm,5,586 litres,Analog + Digital,,Sedan,,122PS@5000rpm,https://www.cars24.com/new-cars/_next/image/?url=https%3A%2F%2Fcdn.24c.in%2Fprod%2Fnew-car-cms%2FCar-Image%2F2024%2F04%2F12%2Fdc3bf9c9-5582-4290-bb03-8ecfb6cd3d5f-Mercedes-Benz_A-Class-Limousine_Feature-Image.png&w=640&q=75
Volvo V40 Cross Country,D3,"Rs. 32,83,000",FWD (Front Wheel Drive),60 litres,Diesel,16.8 km/litre,350Nm@1500-2750rpm,5,341 litres,Analog + Digital,,Hatchback,,150PS@3500rpm,https://cas.volvocars.com/image/vbsnext-v4/exterior/MY19_1817/526/_/_/_/_/_/_/_/_/_/_/_/_/_/_/_/default.png?market=in&client=gox-graph%7Cccs-self-service&fallback&angle=4&w=750&bg=00000000
Mini Countryman,Cooper S,"Rs. 34,90,000",FWD (Front Wheel Drive),47 litres,Petrol,14.41 km/litre,280Nm@1350rpm,5,324 litres,Digital,,Hatchback,,192PS@5500rpm,"https://carsguide-res.cloudinary.com/image/upload/f_auto,fl_lossy,q_auto,t_default/v1/editorial/vhs/Mini-Countryman_0.png"
Mercedes  C-Class,C 220D Prime,"Rs. 40,20,000",FWD (Front Wheel Drive),66 litres,Diesel,12.06 km/litre,400Nm@1600rpm,5,350 litres,Analog,,Hatchback,,192bhp@3800rpm,"https://carsguide-res.cloudinary.com/image/upload/f_auto,fl_lossy,q_auto,t_default/v1/editorial/mercedes-benz-c-class-my22-index-1.png"
Toyota Prius,Z8,"Rs. 45,09,000",RWD (Rear Wheel Drive),43 litres,Hybrid,23.9 km/litre,142Nm@3600rpm,5,480 litres,Analog + Digital,,Sedan,,98PS@5200rpm,https://platform.cstatic-images.com/xlarge/in/v2/stock_photos/b3462235-58cb-4b48-89a1-8d2732cb1dba/fdac6c01-2f85-4296-9a62-9aa3753b63e7.png
Lexus Es,300H,"Rs. 56,95,000",FWD (Front Wheel Drive),,Hybrid,17.8 km/litre,221Nm@3600-5200rpm,5,480 litres,Analog + Digital,,Sedan,,176Bhp@5700rpm,https://www.lexusindia.co.in/content/dam/lexus-v3-blueprint/models/sedan/es/es-300h/my23/es-300h-configurator-entry.png
Lexus Nx 300H,F-Sport,"Rs. 60,60,000",FWD (Front Wheel Drive),56 litres,Petrol,18.3 km/litre,210Nm@4200-4400rpm,5,,Analog,,Sedan,,194PS@5700rpm,https://platform.cstatic-images.com/xlarge/in/v2/stock_photos/b033569c-fe0b-419a-a51e-ea0fddec0258/afffbe92-d3bf-4f41-b79a-3ffa5a16d520.png
Jaguar F-Pace,Prestige,"Rs. 64,63,780",AWD (All Wheel Drive),60 litres,Diesel,16.38 km/litre,430Nm@1750-2000rpm,5,475 litres,Analog + Digital,,SUV,,180ps@5500rpm,https://www.motortrend.com/uploads/sites/10/2019/08/2020-jaguar-f-pace-prestige-suv-angular-front.png
Volvo V90 Cross Country,D5 Inscription,"Rs. 65,31,000",AWD (All Wheel Drive),60 litres,Diesel,17.2 km/litre,480Nm@1740RPM,5,650 litres,Analog,,SUV,,235PS@4250RPM,https://www.cars.com/i/large/in/v2/stock_photos/f84f8745-e33b-44ca-a60b-b88c450839fb/ef85d2c5-2a70-4f2f-88e1-9bcef00e5dd4.png
Audi A5 Cabriolet,2.0 Tdi,"Rs. 69,48,200",AWD (All Wheel Drive),58 litres,Diesel,17.2 km/litre,400Nm @1750-3000rpm,5,650 litres,Analog,,SUV,,190ps @ 3800-4200rpm,https://images.dealer.com/ddc/vehicles/2024/Audi/A5/Convertible/perspective/front-left/2024_24.png
Mercedes Gle,300D 4Matic,"Rs. 73,70,000",FWD (Front Wheel Drive),93 litres,Diesel,,500Nm@1600rpm,4,530 litres,Analog + Digital,,Convertible,,245PS@4200rpm,"https://images.netdirector.co.uk/gforces-auto/image/upload/q_auto,c_fill,f_auto,fl_lossy/auto-client/a2a60ddf1ac979f28c79c41d6cf487f1/gle450.png"
Mercedes Cls,300D,"Rs. 84,70,000",AWD (All Wheel Drive),,Diesel,,500Nm@1600-2400RPM,5,825 litres,Analog + Digital,,SUV,,245Bhp@4200RPM,https://images.carandbike.com/car-images/colors/mercedes-benz/cls/mercedes-benz-cls-designo-diamond-white-bright.png?v=1556533546
Bmw X7,Xdrive 40I,"Rs. 1,04,90,000",RWD (Rear Wheel Drive),80 litres,Petrol,13.38 km/litre,450 Nm @ 1500 rpm,5,825 litres,Analog + Digital,,Sedan,,335 bhp @ 5500 rpm,https://www.cars24.com/new-cars/_next/image/?url=https%3A%2F%2Fcdn.24c.in%2Fprod%2Fnew-car-cms%2FCar-Image%2F2024%2F04%2F15%2Fca8e9852-93c8-4e7c-a8ba-ae2088acf133-BMW_X7_Mineral-White.png&w=828&q=30
Bmw M4,Coupe,"Rs. 1,35,90,000",AWD (All Wheel Drive),60 litres,Petrol,10.75 km/litre,550Nm@1850-5500rpm,7,326 litres,Digital,,SUV,,431PS@7300RPM,https://www.bmw-m.com/content/dam/bmw/marketBMW_M/www_bmw-m_com/all-models/model-navigation/bmw-m4-coupe-lci-flyout.png
Porsche 911,Carrera S,"Rs. 1,74,20,000",RWD (Rear Wheel Drive),64 litres,Petrol,8.9 km/litre,530Nm@5000rpm,4,326 litres,Digital,,Coupe,,450hp@6500rpm,https://gld-creative.s3.us-west-2.amazonaws.com/2024-porsche-911-carrera-4-model-trim-88ef29eabfd8-600x300.png
Nissan Gtr,3.8 V6,"Rs. 2,12,40,272",AWD (All Wheel Drive),74 litres,Petrol,9 km/litre,637Nm@3200rpm,4,132 litres,Analog + Digital,,Convertible,,570PS@6800rpm,https://di-sitebuilder-assets.s3.amazonaws.com/Nissan/MLP/GT-R/2024/color-Pearl-White-TriCoat.png
 Aston Martin Vantage,Coupe,"Rs. 2,95,00,000",AWD (All Wheel Drive),73 litres,Petrol,8 km/litre,685Nm@2000-5000rpm,4,132 litres,Analog + Digital,,Coupe,,505bhp@6000rpm,https://www.carvia.com/wp-content/uploads/2023/01/aston-martin-vantage-roadster-mietwagen-beispielbild-1-570x263_c.png
Aston Martin Rapide,Luxe,"Rs. 3,88,45,823",RWD (Rear Wheel Drive),90.5 litres,Petrol,12.9 km/litre,630Nm@5500rpm,2,249 litres,Analog,,Coupe,,560PS@6650rpm,https://www.motortrend.com/uploads/sites/10/2017/11/2013-aston-martin-rapide-sedan-angular-front.png
Ferrari 812 Superfast,Superfast,"Rs. 5,20,00,000",RWD (Rear Wheel Drive),92 litres,Petrol,14.9 km/litre,718 Nm @ 7000 rpm,4,,Analog,,Sedan,,789 bhp @ 8500 rpm,https://www.motortrend.com/uploads/sites/5/2020/06/2020-ferrari-812-superfast.png
Maruti Suzuki Alto 800 Tour,H1,"Rs. 3,54,235",AWD (All Wheel Drive),35 litres,Petrol,23.7 km/litre,69Nm@3500rpm,2,300 litres,Analog + Digital,,Coupe,,48PS@6000rpm,https://commercial.marutiseva.com/assets/images/drop-down-alto.png
Hyundai Grand I10 Nios,Magna 1.2 Crdi,"Rs. 6,75,090",FWD (Front Wheel Drive),37 litres,Diesel,20.7 km/litre,190NM@1750-2250RPM,5,177 litres,Analog + Digital,,Hatchback,,75PS@4000rpm,https://www.carandbike.com/_next/image?url=https%3A%2F%2Fimages.carandbike.com%2Fcar-images%2Fcolors%2Fhyundai%2Fgrand-i10-nios%2Fhyundai-grand-i10-nios-polar-white.png%3Fv%3D1677753126&w=750&q=75
Hyundai Xcent,S 1.2,"Rs. 6,43,769",FWD (Front Wheel Drive),43 litres,Petrol,20.14 km/litre,114Nm@6000rpm,5,256 litres,Analog + Digital,,Hatchback,,83PS@6000rpm,https://5.imimg.com/data5/OA/PV/GLADMIN-67827253/hyundai-xcent-car.png
Nissan Micra,Xl (O) Cvt,"Rs. 6,62,880",FWD (Front Wheel Drive),41 litres,Petrol,19.34 km/litre,104Nm@4000rpm,5,407 litres,Analog + Digital,,Sedan,,77PS@6000rpm,https://auto.economictimes.indiatimes.com/files/retail_files/micra-active-1503576955-prod-var.png
Mahindra Bolero,Zlx,"Rs. 9,42,263",FWD (Front Wheel Drive),60 litres,Diesel,15.96 km/litre,195Nm@1400-2200rpm,5,251 litres,Analog + Digital,,Hatchback,,63PS@3200rpm,https://5.imimg.com/data5/NI/UI/HS/GLADMIN-28949246/bolero-white-00001.png
Maruti Suzuki Ciaz,1.3L Alpha Smart Hybrid,"Rs. 11,02,689",FWD (Front Wheel Drive),43 litres,Diesel,28.09 km/litre,200Nm@1750rpm,7,,Analog + Digital,,SUV,,89Bhp@4000RPM,https://avgmotors.co.in/wp-content/uploads/2021/10/metallic-premium-silver-430x321.png
Skoda Rapid,1.6 Mpi Ambition,"Rs. 9,98,599",FWD (Front Wheel Drive),55 litres,Petrol,15.41 km/litre,153Nm@3750-3800rpm,5,510 litres,Analog + Digital,,Sedan,,105PS@5250rpm,https://www.skodaperth.com.au/wp-content/uploads/2024/01/menu-rapid.webp
Fiat Abarth Punto,1.4 T-Jet,"Rs. 9,80,970",FWD (Front Wheel Drive),,Petrol,16.3 km/litre,212Nm@2000-4000rpm,5,460 litres,Analog + Digital,,Sedan,,145PS@5500rpm,https://ecosetting-files.com/en/image/models/XEYyyFUCDsym6tdLGEAAE7JCVKS9B4.png
Hyundai Creta,1.4 Crdi E Plus,"Rs. 9,99,990",FWD (Front Wheel Drive),55 litres,Diesel,21.38 km/litre,220Nm@1500-2750rpm,5,460 litres,Analog + Digital,,Hatchback,,90PS@4000rpm,https://ackodrive-assets.s3.amazonaws.com/media/test_3h0Yqe8.png
Tata Harrier,Revotorq Xe,"Rs. 13,45,363",FWD (Front Wheel Drive),50 litres,Diesel,16.7 km/litre,350Nm@1750-2500rpm,5,400 litres,Analog + Digital,,SUV,,140PS@3750rpm,https://s7ap1.scene7.com/is/image/tatamotors/OberonBlack-0-3?$PO-850-600-S$&fit=crop&fmt=png-alpha
Isuzu Dmax V-Cross,Standard,"Rs. 16,54,783",FWD (Front Wheel Drive),,Diesel,10.3 km/litre,320NM@1800-2800RPM,5,425 litres,Analog + Digital,,Hatchback,,134PS@3600RPM,https://www.carshophub.co.za/XMLFeedOutput/VehicleImages/888929/SP111GMM00049/SP111GMM00049-46.png
Mitsubishi Outlander,2.4L Outlander,"Rs. 26,93,000",AWD (All Wheel Drive),60 litres,Petrol,9.62 km/litre,222Nm@4100RPM,5,,Analog + Digital,,Pick-up,,167PS@6000RPM,https://magnetis-plateforme.s3.ca-central-1.amazonaws.com/vehicle_models/images/7379c6cd423a5c9f5cb9de62a64a2d5e/250/trim_1684/color_C17/3794b50b71207afd167ca649c02a78b2-cc_2024MIS030038_01_1280_C17-730x548.png
Mercedes Gla-Class,200 Sport,"Rs. 34,38,000",AWD (All Wheel Drive),50 litres,Petrol,13.8 km/litre,300Nm@1200-1400rpm,7,265 litres,Analog + Digital,,SUV,,183PS@5500rpm,https://www.cars24.com/new-cars/_next/image/?url=https%3A%2F%2Fcdn.24c.in%2Fprod%2Fnew-car-cms%2FMercedes-Benz%2FGla-2024%2F2024%2F06%2F14%2F211937cf-0b19-415f-aa9b-6ed5a098e9ef-eaf750b7-bba2-40ee-9b11-6f2c4ebf6e47-Mercedes-Benz_GLA-2024_Polar-White.png&w=1920&q=75
Honda Accord Hybrid,2.0 At,"Rs. 43,21,237",4WD,60 litres,Hybrid,23.1 km/litre,175Nm@4000rpm,5,421 litres,Analog + Digital,,SUV,,145PS@6200rpm,https://di-uploads-pod23.dealerinspire.com/stevensonhendrickhondajacksonville/uploads/2024/02/mlp-img-top-2024-accord-hybrid.png
Bmw 5-Series,520D Luxury Line,"Rs. 59,30,000",FWD (Front Wheel Drive),70 litres,Diesel,18.12 km/litre,400Nm@1750-2500rpm,5,421 litres,Analog + Digital,,Sedan,,190PS@4000rpm,"https://cache.bmwusa.com/cosy.arox?pov=walkaround&brand=WBBM&vehicle=245A&client=byo&paint=P0300&fabric=FKSSW&sa=S01CE,S02TE,S0302,S0316,S0319,S0322,S03G2,S0403,S043L,S0459,S04FL,S05AS,S05DM,S0674,S06AC,S06AK,S06C4,S06NX,S0775&quality=70&bkgnd=transparent&resp=png&angle=40&w=9800&h=8000&x=100&y=1100"
Bmw 6-Series,630D Gt Luxury Line,"Rs. 68,90,000",RWD (Rear Wheel Drive),88 litres,Diesel,16.46 km/litre,620Nm@2000-2500RPM,5,520 litres,Analog + Digital,,Sedan,,265PS@4000RPM,https://www.bmw.cc/content/dam/bmw/common/all-models/6-series/gran-turismo/2021/navigation/bmw-6-series-gran-turismo-posi-modelfinder.png
Porsche Macan,S,"Rs. 85,03,000",RWD (Rear Wheel Drive),65 litres,Petrol,,480Nm@1360rpm,4,,Analog,,Sedan,,349PS@5400RPM,https://www.cars24.com/new-cars/_next/image/?url=https%3A%2F%2Fcdn.24c.in%2Fprod%2Fnew-car-cms%2FPorsche%2FMacan%2F2024%2F04%2F01%2Fdb84400d-9cb9-4735-84c1-3d24fa67abf4-Porsche_Macan_Carrara-White-Metallic.png&w=750&q=75
Jaguar F-Type,5.0 Convertible R,"Rs. 2,36,59,454",AWD (All Wheel Drive),,Petrol,,625Nm@2500-5500rpm,5,500 litres,Analog + Digital,,SUV,,495PS@6500RPM,https://images.carandbike.com/car-images/colors/jaguar/f-type/jaguar-f-type-firenze-red.png?v=1589437010
Bmw M5,Competition,"Rs. 1,54,90,000",RWD (Rear Wheel Drive),68 litres,Petrol,9.8 km/litre,750Nm@1800-5860rpm,2,207 litres,Analog,,Coupe,,625PS@6000rpm,https://images.dealer.com/ddc/vehicles/2023/BMW/M5/Sedan/perspective/front-left/2023_76.png
Lexus Lx 570,V8,"Rs. 2,32,90,000",AWD (All Wheel Drive),93 litres,Diesel,18 km/litre,546Nm@1600-2600rpm,4,310 litres,Digital,,Sedan,,380PS@6000rpm,https://tmna.aemassets.toyota.com/is/image/toyota/lexus/images/models/lx/2022/styles/Lexus-LX-600-style-selector-nori-green-pearl-visualizer-750x471-LEX-LXG-MY22-0081.04.png?wid=750&hei=471&fmt=png-alpha
Ferrari 458 Spider,V8,"Rs. 4,33,67,500",FWD (Front Wheel Drive),86 litres,Petrol,5.5 km/litre,760NM@3000rpm,7,530 litres,Analog + Digital,,SUV,,669PS@8000rpm,https://www.cars.com/i/large/in/v2/stock_photos/d19e3d9b-d4dc-4a6e-9b05-2e62f08e3146/233ac133-6877-4105-936e-42560e435490.png
Maruti Suzuki Wagon R,Vxi,"Rs. 4,79,000",AWD (All Wheel Drive),32 litres,Petrol,22.5 km/litre,90Nm@3500rpm,2,,Analog,,"Coupe, Convertible",,68PS@5500rpm,https://www.carandbike.com/_next/image?url=https%3A%2F%2Fimages.carandbike.com%2Fcar-images%2Fcolors%2Fmaruti-suzuki%2Fwagon-r%2Fmaruti-suzuki-wagon-r-solid-white.png%3Fv%3D1650633105&w=640&q=75
Tata Tiago Nrg,1.2L Revotron,"Rs. 5,94,993",FWD (Front Wheel Drive),35 litres,Petrol,23.84 km/litre,114NM@3500rpm,5,341 litres,Analog + Digital,,Hatchback,33.54 km/kg,85PS@6000rpm,https://s7ap1.scene7.com/is/image/tatamotors/TornadoBlue-0-3?$PO-750-500-S$&fit=crop&fmt=webp-alpha
Mahindra Nuvosport,N4,"Rs. 7,97,802",FWD (Front Wheel Drive),60 litres,Diesel,17.21 km/litre,240Nm@1600-2800rpm,5,242 litres,Analog + Digital,,Crossover,,100PS@3750RPM,https://www.carandbike.com/_next/image?url=https%3A%2F%2Fimages.carandbike.com%2Fcar-images%2Fcolors%2Fmahindra%2Fnuvosport%2Fmahindra-nuvosport-diamond-white.png%3Fv%3D1&w=640&q=75
Nissan Kicks,Xl Petrol,"Rs. 9,55,000",FWD (Front Wheel Drive),50 litres,Petrol,14.23 km/litre,142Nm@4000rpm,7,412 litres,Analog + Digital,,SUV,,106PS@5600rpm,https://www.evmnissan.co.in/Kicks-turbo-removebg-preview.png
Hyundai Kona Electric,Premium,"Rs. 37,88,000",FWD (Front Wheel Drive),,Hybrid,462 km/full charge,221Nm@3600-5200rpm,4,400 litres,Analog + Digital,462 km/full charge,SUV,,178PS@5700rpm,https://cdn.prod.website-files.com/60ce1b7dd21cd517bb39ff20/61a7aef2e1b956351a1e4849_hyundai.png
Toyota Camry,Hybrid,"Rs. 60,61,200",FWD (Front Wheel Drive),,Diesel,19.2 km/litre,400Nm @1750-3000rpm,5,,Digital,,Sedan,,190ps @ 3800-4200rpm,https://www.toyota.astra.co.id//sites/default/files/2023-09/02_platinum-white-pearl_0.png
Audi A5,Sportback,"Rs. 1,02,05,494",FWD (Front Wheel Drive),85 litres,Diesel,18 km/litre,600Nm@2000rpm,5,,Analog + Digital,,Sedan,,258PS@3750rpm,https://www.motortrend.com/uploads/sites/10/2023/11/2024-audi-a5-sportback-premium-plus-4wd-5door-hatchback-angular-front.png
Land Rover Discovery,3.0 Hse Diesel,"Rs. 96,89,321",4WD,85 litres,Diesel,18 km/litre,600Nm@2000rpm,7,54 litres,Analog + Digital,,SUV,,258PS@3750rpm,https://inv.assets.ansira.net/ChromeColorMatch/us/TRANSPARENT_cc_2024LRS110002_01_1280_1AA.png
Land Rover,3.0 Se Diesel,"Rs. 84,33,741",4WD,89 litres,Petrol,9.17 km/litre,450Nm@3500-5000RPM,7,258 litres,Analog + Digital,,SUV,,394PS@3750rpm,
Lexus Ls 500H,Luxury,"Rs. 1,87,36,000",AWD (All Wheel Drive),82 litres,Hybrid,15.4 km/litre,350Nm@5100rpm,5,258 litres,Analog + Digital,,SUV,,299PS@6600rpm,https://platform.cstatic-images.com/in/v2/stock_photos/06d659bc-0e1d-42c5-9578-eb7168593c20/fd2598c9-67a1-460f-9200-dcc1a9fdb4e5.png
Rolls Royce Phantom,Sedan,"Rs. 7,54,00,000",RWD (Rear Wheel Drive),100 litres,Petrol,23 km/litre,720Nm@3500rpm,5,430 litres,Analog + Digital,,Sedan,,460PS@5350rpm,https://www.cars24.com/new-cars/_next/image/?url=https%3A%2F%2Fcdn.24c.in%2Fprod%2Fnew-car-cms%2FCar-Image%2F2024%2F04%2F12%2F7f577cb0-1e76-459d-ac0c-bed4ed23a96d-Rolls-Royce_phantom_Feature-Image.png&w=750&q=30
Fiat Punto Evo,Dynamic 1.2,"Rs. 6,31,292",FWD (Front Wheel Drive),45 litres,Diesel,20.5 km/litre,197Nm@1750RPM,5,460 litres,Analog + Digital,,Hatchback,,76PS@4000RPM,https://gomechprod.blob.core.windows.net/gm-retail-app/New%20Car%20Model%20Images/brand-4-model-74.png
Toyota Yaris,J,"Rs. 10,55,000",FWD (Front Wheel Drive),42 litres,Petrol,17.1 km/litre,140Nm@4200rpm,5,280 litres,Analog + Digital,,Sedan,,107PS@6000rpm,https://5.imimg.com/data5/LG/TE/MA/GLADMIN-72742583/brand-car.png
Skoda Octavia,Ambition 1.4 Tsi,"Rs. 17,99,599",FWD (Front Wheel Drive),50 litres,Diesel,21 km/litre,320Nm@1750-3000rpm,5,476 litres,Analog + Digital,,Sedan,,143PS@4000rpm,https://vorsprung.com/cdn/shop/files/Skoda_Octavia.png?v=1685113804
Mercedes Glc,200 Progressive,"Rs. 57,75,000",RWD (Rear Wheel Drive),50 litres,Diesel,18.18 km/litre,400Nm@1600-2800RPM,5,590 litres,Analog + Digital,,SUV,,194PS@3800rpm,"https://crdms.images.consumerreports.org/c_lfill,w_470,q_auto,f_auto/prod/cars/cr/model-years/16473-2024-mercedes-benz-glc-coupe"
Porsche Cayenne Coupe,Base,"Rs. 1,97,63,000",AWD (All Wheel Drive),90 litres,Petrol,15.3 km/litre,770Nm@2000-4500,,580 litres,Digital,,,,550PS@5750-6000,https://www.motortrend.com/uploads/sites/10/2022/09/2023-porsche-cayenne-coupe-4wd-suv-angular-front.png?w=768&width=768&q=75&format=webp
Mahindra Verito,1.5 D2,"Rs. 7,72,617",FWD (Front Wheel Drive),50 litres,Diesel,21 km/litre,160Nm@2000rpm,5,598 litres,Digital,,Sedan,,65PS@4000rpm,https://www.carandbike.com/_next/image?url=https%3A%2F%2Fimages.carandbike.com%2Fcar-images%2Fcolors%2Fmahindra%2Fverito-vibe%2Fmahindra-verito-vibe-diamond-white.png%3Fv%3D1&w=750&q=75
Mitsubishi Pajero Sport,2.5 Mt,"Rs. 28,35,500",RWD (Rear Wheel Drive),70 litres,Diesel,10.77 km/litre,350Nm@1800-3500rpm,7,330 litres,Analog + Digital,,SUV,,178PS@4000rpm,https://encrypted-tbn0.gstatic.com/images?q=tbn:ANd9GcSLcq0GNzKgCEDmd9e4d56iPnZs2MtkGk7D5A&s
Bentley Flying Spur,V8,"Rs. 3,93,82,083",AWD (All Wheel Drive),90 litres,Petrol,4 km/litre,800Nm@1600-6100rpm,4,,Analog + Digital,,Sedan,,616PS@6100rpm,https://www.cars24.com/new-cars/_next/image/?url=https%3A%2F%2Fcdn.24c.in%2Fprod%2Fnew-car-cms%2FBentley%2FFlying-Spur%2F2024%2F04%2F01%2F26868ea3-8047-4e9a-bec6-77406ac5eab9-Bentley_Flying-Spur_Glacier-White-(Solid).png&w=750&q=75
Honda City,Sv Mt Petrol,"Rs. 10,65,900",FWD (Front Wheel Drive),40 litres,Petrol,17.8 km/litre,145Nm@4600rpm,5,475 litres,Analog + Digital,,Sedan,,119PS@6600rpm,https://d31sro4iz4ob5n.cloudfront.net/upload/car/city-2024/color/lhd-lx-platinum-white-pearl/1.png?v=1710422640
Mitsubishi Montero,3.2 At,,AWD (All Wheel Drive),,,,,7,510 litres,Analog + Digital,,SUV,,,
Maruti Suzuki Jimny,Zeta,,AWD (All Wheel Drive),40 litres,,17 km/litres,,4,211 litres,Analog + Digital,,SUV,,,https://www.suzukicar.com.sg/-/media/4ca84f51fb59432aa47cc8f3e93a3235.png?h=251&iar=0&w=443&hash=7E1B9BD62066B1A81473E3A6AC045980
Mg Gloster ,Sharp 7 Str 4x2,,RWD (Rear Wheel Drive),75 litres,,13.92 km/litres,,7,348 litres,Analog + Digital,,SUV,,,https://mgmotor.scene7.com/is/image/mgmotor/gs-img-dsc-035?$mg-rgb-tablet-image-responsive$&fmt=png-alpha
Mg Comet,Executive,,FWD (Front Wheel Drive),17.3 kWh,,230 km/full charge,,4,350 litres (seats folded),Digital,,Hatchback,,,https://mgmotor.scene7.com/is/image/mgmotor/cm-img-dsc-0191?$mg-rgb-tablet-image-responsive$&fmt=png-alpha
Mahindra 3XO,AX7 Turbo AT,"Rs. 15,49,000",FWD (Front Wheel Drive),,Petrol,20.6 km/litre,300Nm@1500-3750rpm,5,364 litres,Digital,,SUV,,182bhp,https://ackodrive-assets.ackodrive.com/media/test_mUga1JU.png
Kia Sonet,X-Line Diesel AT,"Rs. 15,77,000",FWD (Front Wheel Drive),,,20 km/litre,250Nm@4200rpm,5,385 litres,Digital,,SUV,,114bhp @4000rpm,https://www.kia.com/content/dam/kia2/in/en/images/360vr/sonet/sxw5k2g1uhh072/exterior/gb3/08-m.png
Tata Curvv,Smart,"Rs. 10,00,000",FWD (Front Wheel Drive),44 litres,Petrol/Diesel,15km/litre,260Nm@4000rpm,5,500 litres,Digital,,SUV,,118bhp,https://s7ap1.scene7.com/is/image/tatapassenger/VirtualSunrise-0?$PO-750-500-S$&fit=crop&fmt=png-alpha
Mahindra BE 6,Pack one,"Rs. 18,90,000",RWD (Rear Wheel Drive),59 - 79 kWh,Electric,,,5,455 litres,Digital,,SUV,,224bhp,https://www.cars24.com/new-cars/_next/image/?url=https%3A%2F%2Fcdn.cars24.com%2Fprod%2Fnew-car-cms%2FMahindra%2FBE-6E%2F2024%2F11%2F27%2F6c7d327f-8ab6-4507-b925-08776f373c6c-1-(41).png&w=640&q=75
Maruti Suzuki E Vitara,49 kWh,"Rs. 17,00,000",FWD (Front Wheel Drive),49 - 61 kWh,Electric,,189NM@4300rpm,5,not anounced,Digital,,SUV,,189bhp,https://www.globalsuzuki.com/automobile/lineup/evitara/assets/img/color/wbh.png
Mahindra XEV 9E,Pack one,"Rs. 21,90,000",RWD (Rear Wheel Drive),59 - 79 kWh,Electric,,380Nm,5,663 litres,Digital,,SUV,,282bhp,https://www.cars24.com/new-cars/_next/image/?url=https%3A%2F%2Fcdn.cars24.com%2Fprod%2Fnew-car-cms%2FMahindra%2FXEV-9E%2F2024%2F11%2F27%2Fa3475724-e9e2-430b-97e7-1dfa6fb6d800-2-(40).png&w=750&q=30
